SKU,Items Name,Details ,Unit,Item_Type,VAT,Max_Unit_Rate,Unit_Rate_Excl_VAT,Vat_Amnt,Final_Rate,Discount_percent,Discount_amount
25001,FLOOR CHIPPING  Chipping and cleaning the floor before patent stone casting and mosaic work or other finishing materials used. The chipping must be smoothly with sharpen chisel and clean all sand cement and other debris to a suitable place out side of site etc.complete in all respect as per design drawing and direction of Architect/ Authority.,Required thikness,sft, Service ,15%,5.23,4.35,0.65,5,4.35%,0.23
25002,"NEAT CEMENT FINISH  Neat Cement Finishing Work simultaneously done on Patent  stone/concrete surface using cement screened  through fine cloth in the form of cement slurry, rubbing smooth with steel trowel, scaffolding, curing for 10 days etc. complete in all respect as per design drawing and direction of Architect/ Authority.",2nd class sand/ cement -Holcim/Scan,sft, Service ,15%,18.82,15.65,2.35,18,4.35%,0.82
25003,"CEMENT PLASTER Minimum 1/2? thick cement plaster [1:5] to vault ceiling & wall finishing the corners and edges in/c cleaning the surface, scaffolding and curing at least for 7 days etc. complete in all respect as per design drawing and direction of Architect/Authority.",Standard Quality,sft, Service ,15%,26.14,22.61,3.39,26,0.52%,0.14
25004,"CEMENT PLASTER Minimum 3/4? thick cement plaster [1:5] to wall both inner and outer surface, finishing the corners and edges in/c cleaning the surface, scaffolding and curing at least for 7 days etc. complete in all respect as per design drawing and direction of Architect/Authority.",Standard Quality,sft, Service ,15%,26.14,22.61,3.39,26,0.52%,0.14
25005,"PLASTIC PAINT Plastic painting of ?Berger? brand of approved color to wall minimum 3 coats with lime putty work, cleaning, sand papering the surfaces in/c. necessary scaffolding etc. complete in all respect as per direction of Architect/ Authority. ",Berger, sft , Service ,15%,18.82,15.65,2.35,18,4.35%,0.82
25006,"ENAMEL PAINT Synthetic Enamel paint of ?Berger? brand of approved color to wall, ceiling, wooden surfaces, iron grills, shutters etc. minimum 2 coats over a coat of priming including cleaning, finishing and polishing with sand paper and necessary scaffolding etc. complete in all respect as per direction of Architect/Authority.",Berger, sft , Service ,15%,20.91,17.39,2.61,20,4.35%,0.91
25007,TEMPERED GLASS DOOR Reused Dismantling & Relocating old Tempered Glass Door from previous location to new location ,,Nos, Service ,15%,2927.27,2545.22,381.78,2927,0.01%,0.27
25008,OLD FRAMELESS GLASS PARTITION reuse to others premises,,sft, Service ,15%,83.64,72.17,10.83,83,0.76%,0.64
25009,Networking port repair,,Nos, Service ,15%,261.36,226.96,34.04,261,0.14%,0.36
25010,Signboard servicing,,sft, Service ,15%,88.86,76.52,11.48,88,0.97%,0.86
25011, Down Light  shed,Legrend/MK/winner/super star/Energy PAC/China,nos, Supply ,10%,235.35,213.64,21.36,235,0.15%,0.35
25012,Old Tiles dismantling & cleaning ,Standard Quality,sft, Supply ,10%,40.93,36.36,3.64,40,2.27%,0.93
25013, G.I.Elbo,Standard Quality,nos, Supply ,10%,204.65,185.45,18.55,204,0.32%,0.65
25014,1 gang switch,Legrend/MK/winner/super star/Energy PAC,nos, Supply ,10%,306.98,278.18,27.82,306,0.32%,0.98
25015,100 A TP Circuit Breaker ABB/Legrend MCCB,Legrend/ABB,Nos, Supply ,10%,7674.42,6976.36,697.64,7674,0.01%,0.42
25016,10A SP Breaker,Legrend/MK/winner/super star/Energy PAC,nos, Supply ,10%,511.63,464.55,46.45,511,0.12%,0.63
25017,Real Time Clock (RTC)(Rate Chart Board) repair,Standard Quality,Nos, Service ,15%,606.36,526.96,79.04,606,0.06%,0.36
25018,12 watt LED Bulb ,"Osram/Trantec/Philphs, Osaka, super star",nos, Supply ,10%,388.84,352.73,35.27,388,0.22%,0.84
25019,Collabsible Gate repairing with accessories,Standard Quality,sft, Service ,15%,115.00,100.00,15.00,115,0.00%,0.00
25020,12 watt LED panel light,"Osram/Trantec/Philphs, Osaka, super star",nos, Supply ,10%,695.81,631.82,63.18,695,0.12%,0.81
25021,Mosquito control fogging,Standard Quality,job, Service ,15%,20909.09,18181.74,2727.26,20909,0.00%,0.09
25022,Welding,Standard Quality,job, Service ,15%,3136.36,2726.96,409.04,3136,0.01%,0.36
25023,125 A TP Circuit Breaker ABB/Legrend MCCB,Legrend/ABB,Nos, Supply ,10%,8697.67,7906.36,790.64,8697,0.01%,0.67
25024,160 A TP Circuit Breaker ABB/Legrend MCCB,Legrend/ABB,Nos, Supply ,10%,11767.44,10697.27,1069.73,11767,0.00%,0.44
25025,Vertical blind repairing with  components,Standard Quality,sft, Service ,15%,47.05,40.87,6.13,47,0.10%,0.05
25026,Vertical blind repairing without  components,Standard Quality,sft, Service ,15%,26.14,22.61,3.39,26,0.52%,0.14
25027,16A Sp Breaker,Legrend/MK/winner/super star/Energy PAC,nos, Supply ,10%,562.79,510.91,51.09,562,0.14%,0.79
25028,Wooden cabinet /drawer unit repairing with board,Standard Quality,sft, Service ,15%,522.73,453.91,68.09,522,0.14%,0.73
25029,18 wat LED surface panel light," Osram/Trantec/Philphs, Osaka, super star",nos, Supply ,10%,869.77,790.00,79.00,869,0.09%,0.77
25030,18 watt LED Bulb ," Osram/Trantec/Philphs, Osaka, super star",nos, Supply ,10%,429.77,390.00,39.00,429,0.18%,0.77
25031,2 gang switch,Legrend/MK/winner/super star/Energy PAC,nos, Supply ,10%,353.02,320.91,32.09,353,0.01%,0.02
25032,Collabsible Gate repairing without accessories,Standard Quality,sft, Service ,15%,62.73,53.91,8.09,62,1.16%,0.73
25033,Wall Damp Treatment/remove,Standard Quality,sft, Service ,15%,57.50,49.57,7.43,57,0.87%,0.50
25034,Plaster Dismantling,Standard Quality,sft, Service ,15%,36.59,31.30,4.70,36,1.61%,0.59
25035,CC Dhalai Dismantling,Standard Quality,sft, Service ,15%,62.73,53.91,8.09,62,1.16%,0.73
25036,RCC Dhalai Dismantling,Standard Quality,sft, Service ,15%,203.86,176.52,26.48,203,0.42%,0.86
25037,"10"" brick wall dismanling",Standard Quality,sft, Service ,15%,146.36,126.96,19.04,146,0.25%,0.36
25038,"5"" brick wall dismanling",Standard Quality,sft, Service ,15%,115.00,100.00,15.00,115,0.00%,0.00
25039,False Ceiling repair,Standard Quality,sft, Service ,15%,31.36,26.96,4.04,31,1.16%,0.36
25040,2 pin plug,Legrend/MK/winner/super star/Energy PAC,nos, Supply ,10%,81.86,73.64,7.36,81,1.05%,0.86
25041,Lacquer Polish,Cerelac /Standard Quality,sft, Service ,15%,104.55,90.43,13.57,104,0.52%,0.55
25042,Van rate for shifting purpose,Standard Quality,job, Service ,15%,1881.82,1635.65,245.35,1881,0.04%,0.82
25043,Cable laying charge 1 to 10 RM/mtr,Standard Quality,Mtr, Service ,15%,12.55,10.43,1.57,12,4.35%,0.55
25044,Cable laying charge 11 to 16 RM/mtr,Standard Quality,Mtr, Service ,15%,17.77,14.78,2.22,17,4.35%,0.77
25045,Cable laying charge 20 to 30 RM/mtr,Standard Quality,Mtr, Service ,15%,23.00,20.00,3.00,23,0.00%,0.00
25046,Cable laying charge 35 to 50 RM/mtr,Standard Quality,Mtr, Service ,15%,31.36,26.96,4.04,31,1.16%,0.36
25047,Cable laying charge 70 to 100 RM/mtr,Standard Quality,Mtr, Service ,15%,41.82,35.65,5.35,41,1.96%,0.82
25048,Cable laying charge 110 to 150 RM/mtr,Standard Quality,Mtr, Service ,15%,47.05,40.87,6.13,47,0.10%,0.05
25049,Cable laying charge 170 to 200 RM/mtr,Standard Quality,Mtr, Service ,15%,52.27,45.22,6.78,52,0.52%,0.27
25050,Cable laying charge 210 to 250 RM/mtr,Standard Quality,Mtr, Service ,15%,83.64,72.17,10.83,83,0.76%,0.64
25051,IPS repairing (Different Capacity),Standard Quality,Nos, Service ,15%,1254.55,1090.43,163.57,1254,0.04%,0.55
25052,2 PIN Socket,Legrend/MK/winner/super star/Energy PAC,Nos, Supply ,10%,409.30,371.82,37.18,409,0.07%,0.30
25053,2 X 1 LED panel Light," Osram/Trantec/Philphs, Osaka, super star",Nos, Supply ,10%,3581.40,3255.45,325.55,3581,0.01%,0.40
25054,2 X 2 LED panel Light," Osram/Trantec/Philphs, Osaka, super star",Nos, Supply ,10%,3683.72,3348.18,334.82,3683,0.02%,0.72
25055,2 X 2 LED panel Light (Repair)," Osram/Trantec/Philphs, Osaka, super star",Nos, Service ,15%,1568.18,1363.48,204.52,1568,0.01%,0.18
25056,20 watt LED Bulb," Osram/Trantec/Philphs, Osaka, super star",Nos, Supply ,10%,460.47,418.18,41.82,460,0.10%,0.47
25057,200 A TP Circuit Breaker ABB/Legrend MCCB,Legrend/ABB,Nos, Supply ,10%,2558.14,2325.45,232.55,2558,0.01%,0.14
25058,20A DP Breaker,Legrend/MK/winner/super star/Energy PAC,Nos, Supply ,10%,1432.56,1301.82,130.18,1432,0.04%,0.56
25059,20A DP Switch,Legrend/MK/winner/super star/Energy PAC,Nos, Supply ,10%,409.30,371.82,37.18,409,0.07%,0.30
25060,20A Sp Breaker,Legrend/MK/winner/super star/Energy PAC,Nos, Supply ,10%,665.12,604.55,60.45,665,0.02%,0.12
25061,20A TP Circuit Breaker,Legrend/ABB,Nos, Supply ,10%,2558.14,2325.45,232.55,2558,0.01%,0.14
25062,24 watt LED panel light," Osram/Trantec/Philphs, Osaka, super star",Nos, Supply ,10%,1176.74,1069.09,106.91,1176,0.06%,0.74
25063,250 A TP Circuit Breaker ABB/Legrend MCCB,Legrend/ABB,Nos, Supply ,10%,28651.16,26046.36,2604.64,28651,0.00%,0.16
25064,3 gang switch,Legrend/MK/winner/super star/Energy PAC,Nos, Supply ,10%,388.84,352.73,35.27,388,0.22%,0.84
25065,3 pin plug,Legrend/MK/winner/super star/Energy PAC,Nos, Supply ,10%,112.56,101.82,10.18,112,0.50%,0.56
25066,3 Pin Socket,Legrend/MK/winner/super star/Energy PAC,Nos, Supply ,10%,460.47,418.18,41.82,460,0.10%,0.47
25067,320 A TP Circuit Breaker ABB/Legrend MCCB,Legrend/ABB,Nos, Supply ,10%,46046.51,41860.00,4186.00,46046,0.00%,0.51
25068,32A DP Breaker,Legrend/MK/winner/super star/Energy PAC,Nos, Supply ,10%,1688.37,1534.55,153.45,1688,0.02%,0.37
25069,32A Sp Breaker,Legrend/MK/winner/super star/Energy PAC,Nos, Supply ,10%,665.12,604.55,60.45,665,0.02%,0.12
25070,Shutter Grize ,Standard Quality,PKT, Supply ,10%,276.28,250.91,25.09,276,0.10%,0.28
25071,32A TP Circuit Breaker,Legrend/ABB,Nos, Supply ,10%,3069.77,2790.00,279.00,3069,0.03%,0.77
25072,3x3 PVC Box,RFL/Partex,Nos, Supply ,10%,61.40,55.45,5.55,61,0.64%,0.40
25073,4 gang switch,Legrend/MK/winner/super star/Energy PAC,Nos, Supply ,10%,440.00,400.00,40.00,440,0.00%,0.00
25074,40A DP Breaker,Legrend/MK/winner/super star/Energy PAC,Nos, Supply ,10%,1688.37,1534.55,153.45,1688,0.02%,0.37
25075,40A Sp Breaker,Legrend/MK/winner/super star/Energy PAC,Nos, Supply ,10%,665.12,604.55,60.45,665,0.02%,0.12
25076,50 Watt LED Halogen Light ," Osram/Trantec/Philphs, Osaka, super star",Nos, Supply ,10%,2353.49,2139.09,213.91,2353,0.02%,0.49
25077,"50 Watt LED Spot Light (LED Chip 98 Pcs), Brand :OSAKA/china"," Osram/Trantec/Philphs, Osaka, super star",Nos, Supply ,10%,2865.12,2604.55,260.45,2865,0.00%,0.12
25078,50/5A Current Transformer,Germany/ Turkey/India,Nos, Supply ,10%,869.77,790.00,79.00,869,0.09%,0.77
25079,50A DP Breaker ,Legrend/MK/winner/super star/Energy PAC,Nos, Supply ,10%,3069.77,2790.00,279.00,3069,0.03%,0.77
25080,50A SP Breaker ,Legrend/MK/winner/super star/Energy PAC,Nos, Supply ,10%,1534.88,1394.55,139.45,1534,0.06%,0.88
25081,6 Pin Socket,Legrend/MK/winner/super star/Energy PAC,Nos, Supply ,10%,613.95,557.27,55.73,613,0.16%,0.95
25082,6 watt Led panel light," Osram/Trantec/Philphs, Osaka, super star",Nos, Supply ,10%,429.77,390.00,39.00,429,0.18%,0.77
25083,63A  DP Breaker ,Legrend/MK/winner/super star/Energy PAC,Nos, Supply ,10%,3274.42,2976.36,297.64,3274,0.01%,0.42
25084,63A  TP Circuit Breaker ,Legrend/ABB,Nos, Supply ,10%,2455.81,2231.82,223.18,2455,0.03%,0.81
25085,"1.5?? SS Pipe, 1.5 mm Thickness (For Railing Works)",Standard Quality,Rft, Supply ,10%,189.30,171.82,17.18,189,0.16%,0.30
25086,63A SP Breaker ,Legrend/MK/winner/super star/Energy PAC,Nos, Supply ,10%,1637.21,1488.18,148.82,1637,0.01%,0.21
25087,6A Sp Breaker,Legrend/MK/winner/super star/Energy PAC,Nos, Supply ,10%,460.47,418.18,41.82,460,0.10%,0.47
25088,Royal Plug (Packet),Standard Quality,PKT, Supply ,10%,35.81,31.82,3.18,35,2.27%,0.81
25089,Screw  ,Standard Quality,PKT, Supply ,10%,51.16,46.36,4.64,51,0.32%,0.16
25090,AC Drain Line repair,Standard Quality,Nos, Service ,15%,1568.18,1363.48,204.52,1568,0.01%,0.18
25091,AC Remote,Standard Quality,Nos, Supply ,10%,2558.14,2325.45,232.55,2558,0.01%,0.14
25092,Acrylic Barrier,Standard Quality,sft, Supply ,10%,491.16,446.36,44.64,491,0.03%,0.16
25093,Angle Frame,Standard Quality,Nos, Supply ,10%,2865.12,2604.55,260.45,2865,0.00%,0.12
25094,Auto Air Freshner with refill & Battery,Standard Quality,nos, Supply ,10%,3172.09,2883.64,288.36,3172,0.00%,0.09
25095,Ball cock,Standard Quality,nos, Supply ,10%,869.77,790.00,79.00,869,0.09%,0.77
25096,Battery replace(Rate Chart Board),Standard Quality,nos, Supply ,10%,1227.91,1115.45,111.55,1227,0.07%,0.91
25097,Cable lugs 100rm,Standard Quality,nos, Supply ,10%,163.72,148.18,14.82,163,0.44%,0.72
25098,Cable lugs 10rm,Standard Quality,nos, Supply ,10%,15.35,13.64,1.36,15,2.27%,0.35
25099,Solar Battery Cable,Standard Quality,rft, Supply ,10%,122.79,110.91,11.09,122,0.64%,0.79
25100,Cable lugs 135rm,Standard Quality,nos, Supply ,10%,358.14,325.45,32.55,358,0.04%,0.14
25101,Cable lugs 16rm,Standard Quality,nos, Supply ,10%,20.47,18.18,1.82,20,2.27%,0.47
25102,Cable lugs 2.5 rm,Standard Quality,nos, Supply ,10%,4.09,3.64,0.36,4,2.27%,0.09
25103,"Cable Tie 4""",Standard Quality,pkt, Supply ,10%,92.09,83.64,8.36,92,0.10%,0.09
25104,"Cable Tie 6""",Standard Quality,pkt, Supply ,10%,112.56,101.82,10.18,112,0.50%,0.56
25105,"Cable Tie 8""",Standard Quality,pkt, Supply ,10%,133.02,120.91,12.09,133,0.02%,0.02
25106,"Cable Tie 10""",Standard Quality,pkt, Supply ,10%,184.19,167.27,16.73,184,0.10%,0.19
25107,Cable lugs 25rm,Standard Quality,nos, Supply ,10%,25.58,22.73,2.27,25,2.27%,0.58
25108,Cable lugs 35rm,Standard Quality,Nos, Supply ,10%,35.81,31.82,3.18,35,2.27%,0.81
25109,Cable lugs 4rm,Standard Quality,Nos, Supply ,10%,12.28,10.91,1.09,12,2.27%,0.28
25110,Cable lugs 50rm,Standard Quality,Nos, Supply ,10%,81.86,73.64,7.36,81,1.05%,0.86
25111,Cable lugs 6rm,Standard Quality,Nos, Supply ,10%,10.23,9.09,0.91,10,2.27%,0.23
25112,Cable lugs 75rm,Standard Quality,Nos, Supply ,10%,122.79,110.91,11.09,122,0.64%,0.79
25113,Cable lugs125rm,Standard Quality,Nos, Supply ,10%,255.81,231.82,23.18,255,0.32%,0.81
25114,Calling Bell,Standard Quality,Nos, Supply ,10%,1074.42,976.36,97.64,1074,0.04%,0.42
25115,Ceiling Fan,National/GFC/BRB,Nos, Supply ,10%,4093.02,3720.91,372.09,4093,0.00%,0.02
25116,Chair  cloth replace,Standard Quality,Nos, Supply ,10%,2046.51,1860.00,186.00,2046,0.03%,0.51
25117,Chair Hydrolic replace,Standard Quality,Nos, Supply ,10%,1841.86,1673.64,167.36,1841,0.05%,0.86
25118,Chair Repair with major component,Standard Quality,Nos, Service ,15%,1568.18,1363.48,204.52,1568,0.01%,0.18
25119,Chair Repair with minor component,Standard Quality,Nos, Service ,15%,1045.45,908.70,136.30,1045,0.04%,0.45
25120,Coat Hangar Repairing,Standard Quality,Nos, Service ,15%,522.73,453.91,68.09,522,0.14%,0.73
25121,Coat Hanger (Floor Stand),Standard Quality,Nos, Supply ,10%,4400.00,4000.00,400.00,4400,0.00%,0.00
25122,Color bulb/tubelight  for kill pest (11W/15W),China/Standard Quality,Nos, Supply ,10%,409.30,371.82,37.18,409,0.07%,0.30
25123,Conveyance for complain attend (out side Dhaka/city),,Job, Service ,15%,2613.64,2272.17,340.83,2613,0.02%,0.64
25124,Coveyance for complain attend (In Side Dhaka/City ),,Job, Service ,15%,1045.45,908.70,136.30,1045,0.04%,0.45
25125,DB Board with necessary rating bushber ,Standard Quality,Nos, Supply ,10%,8697.67,7906.36,790.64,8697,0.01%,0.67
25126,Desk Partition repair without accessories,Standard Quality,Nos, Service ,15%,83.64,72.17,10.83,83,0.76%,0.64
25127,Desk repairing wth  accessories,Standard Quality,Nos, Service ,15%,1568.18,1363.48,204.52,1568,0.01%,0.18
25128,Drawer Channel,Standard Quality,Nos, Supply ,10%,327.44,297.27,29.73,327,0.13%,0.44
25129,Drill Bit any dia,Standard quality ,Nos, Supply ,10%,286.51,260.00,26.00,286,0.18%,0.51
25130,Edging,Standard quality ,RFT, Service ,15%,78.41,67.83,10.17,78,0.52%,0.41
25131,Electric power port repairing,Standard Quality,Nos, Service ,15%,1045.45,908.70,136.30,1045,0.04%,0.45
25132,Energy Light (24 Watt)," Osram/Trantec/Philphs, Osaka, super star",Nos, Supply ,10%,358.14,325.45,32.55,358,0.04%,0.14
25133,Energy Meter Single Phase,Hosaf/Indian,Nos, Supply ,10%,2046.51,1860.00,186.00,2046,0.03%,0.51
25134,Energy Meter Three Phase,Hosaf/Indian,Nos, Supply ,10%,9720.93,8836.36,883.64,9720,0.01%,0.93
25135,Flower Vase Supply,Standard Quality,Nos, Supply ,10%,665.12,604.55,60.45,665,0.02%,0.12
25136,Flush Low Down (Plastic),RAK,Nos, Supply ,10%,4604.65,4185.45,418.55,4604,0.01%,0.65
25137,G.I.Tee,Standard Quality,Nos, Supply ,10%,511.63,464.55,46.45,511,0.12%,0.63
25138,Gate bulb,Standard Quality,Nos, Supply ,10%,1841.86,1673.64,167.36,1841,0.05%,0.86
25139,"Fire Proof Cabinet/Vault shifting with labour, vehicle out side Dhaka City",,Job, Service ,15%,41818.18,36363.48,5454.52,41818,0.00%,0.18
25140,"Fire Proof Cabinet/Vault shifting with labour, vehicle in sideside Dhak/City",,Job, Service ,15%,31363.64,27272.17,4090.83,31363,0.00%,0.64
25141,Gel for cockroach control(50gm),Standard Quality,Nos, Supply ,10%,255.81,231.82,23.18,255,0.32%,0.81
25142,GI Bush,Standard Quality,Nos, Supply ,10%,71.63,64.55,6.45,71,0.88%,0.63
25143,Glass Door Buttom,VVP Thailand,Nos, Supply ,10%,1227.91,1115.45,111.55,1227,0.07%,0.91
25144,Glass Rubber ,Standard Quality,Rft, Supply ,10%,20.47,18.18,1.82,20,2.27%,0.47
25145,Glass Writing Board,Standard Quality,sft, Supply ,10%,4093.02,3720.91,372.09,4093,0.00%,0.02
25146,Globe Gate Light with 15 Watt LED Bulb," Osram/Trantec/Philphs, Osaka, super star",nos, Supply ,10%,818.60,743.64,74.36,818,0.07%,0.60
25147,Glue  250 gm,Fevicol,nos, Supply ,10%,255.81,231.82,23.18,255,0.32%,0.81
25148,Glue 100 gm,Fevicol,nos, Supply ,10%,102.33,92.73,9.27,102,0.32%,0.33
25149,Glue 500 gm,Fevicol,nos, Supply ,10%,511.63,464.55,46.45,511,0.12%,0.63
25150,Hand Dryer,Standard Quality,nos, Supply ,10%,5627.91,5115.45,511.55,5627,0.02%,0.91
25151,Hand shower Chain (SS),Standard Quality,nos, Supply ,10%,613.95,557.27,55.73,613,0.16%,0.95
25152,Hand Shower Head (SS),Standard Quality,nos, Supply ,10%,358.14,325.45,32.55,358,0.04%,0.14
25153,HDMI Cable 10 mtr,Dtech/china,nos, Supply ,10%,4297.67,3906.36,390.64,4297,0.02%,0.67
25154,HDMI Cable 15 mtr,Dtech/china,nos, Supply ,10%,4911.63,4464.55,446.45,4911,0.01%,0.63
25155,HDMI Cable 20 mtr,Dtech/china,nos, Supply ,10%,6139.53,5580.91,558.09,6139,0.01%,0.53
25156,HDMI Cable 5Mtr,Dtech/china,nos, Supply ,10%,2558.14,2325.45,232.55,2558,0.01%,0.14
25157,HDMI Optical fiber 10mtr,Optical fiber,nos, Supply ,10%,6139.53,5580.91,558.09,6139,0.01%,0.53
25158,HDMI Optical fiber 15mtr,Optical fiber,nos, Supply ,10%,10232.56,9301.82,930.18,10232,0.01%,0.56
25159,HDMI Optical fiber 20mtr,Optical fiber,nos, Supply ,10%,15348.84,13952.73,1395.27,15348,0.01%,0.84
25160,Hole cap Plastic,Standard Quality,nos, Supply ,10%,71.63,64.55,6.45,71,0.88%,0.63
25161,Hole Cap SS,Standard Quality,nos, Supply ,10%,562.79,510.91,51.09,562,0.14%,0.79
25162,HRC fuses with base of adequate rating,Germany/ Turkey/India,nos, Supply ,10%,358.14,325.45,32.55,358,0.04%,0.14
25163,Indicating Lamps,Germany/ Turkey/India,nos, Supply ,10%,102.33,92.73,9.27,102,0.32%,0.33
25164,Kettle Coil replace,Standard Quality,nos, Supply ,10%,1534.88,1394.55,139.45,1534,0.06%,0.88
25165,Kettle reapiring,Standard Quality,nos, Service ,15%,1045.45,908.70,136.30,1045,0.04%,0.45
25166,Kitchen Cup Hanger,Standard Quality,nos, Supply ,10%,1432.56,1301.82,130.18,1432,0.04%,0.56
25167,Labour  bill per day per person,Standard Quality,nos, Service ,15%,1254.55,1090.43,163.57,1254,0.04%,0.55
25168,LED bulb shed Big," Osram/Trantec/Philphs, Osaka, super star",nos, Supply ,10%,388.84,352.73,35.27,388,0.22%,0.84
25169,LED Light-9Watt," Osram/Trantec/Philphs, Osaka, super star",nos, Supply ,10%,358.14,325.45,32.55,358,0.04%,0.14
25170,LED Panel Light 12 Watt," Osram/Trantec/Philphs, Osaka, super star",nos, Supply ,10%,716.28,650.91,65.09,716,0.04%,0.28
25171,LED Panel Light 20 Watt," Osram/Trantec/Philphs, Osaka, super star",nos, Supply ,10%,1023.26,930.00,93.00,1023,0.03%,0.26
25172,"LED Panel light 4'X6"""," Osram/Trantec/Philphs, Osaka, super star",nos, Supply ,10%,4093.02,3720.91,372.09,4093,0.00%,0.02
25173,LED Panel Light 9 Watt," Osram/Trantec/Philphs, Osaka, super star",nos, Supply ,10%,511.63,464.55,46.45,511,0.12%,0.63
25174,LED switch for paper shredder machine,Standard Quality,nos, Supply ,10%,2046.51,1860.00,186.00,2046,0.03%,0.51
25175,Light Holder ,China/MK,nos, Supply ,10%,81.86,73.64,7.36,81,1.05%,0.86
25176,Light Holder Ceramic,China/MK,nos, Supply ,10%,92.09,83.64,8.36,92,0.10%,0.09
25177,Locker Key Replace,Standard Quality,nos, Supply ,10%,3069.77,2790.00,279.00,3069,0.03%,0.77
25178,Low Down SS,RAK,nos, Supply ,10%,1227.91,1115.45,111.55,1227,0.07%,0.91
25179,M Seal Putting,Standard Quality,PKT, Supply ,10%,51.16,46.36,4.64,51,0.32%,0.16
25180,Manhole cover,Standard Quality,Nos, Supply ,10%,4604.65,4185.45,418.55,4604,0.01%,0.65
25181,Manual Chang Over / bush ber box  150A ( Local ),Local Standard Quality,Nos, Supply ,10%,10744.19,9767.27,976.73,10744,0.00%,0.19
25182,Manual Chang Over / bush ber box  250A ( Local ),Local Standard Quality,Nos, Supply ,10%,28651.16,26046.36,2604.64,28651,0.00%,0.16
25183,Manual Chang Over / bush ber box  300A ( Local ),Local Standard Quality,Nos, Supply ,10%,35813.95,32557.27,3255.73,35813,0.00%,0.95
25184,Manual Chang Over / bush ber box 100A ( Local ),Local Standard Quality,Nos, Supply ,10%,10232.56,9301.82,930.18,10232,0.01%,0.56
25185,Manual Chang Over / bush ber box 200A ( Local ),Local Standard Quality,Nos, Supply ,10%,20465.12,18604.55,1860.45,20465,0.00%,0.12
25186,Manual Chang Over / bush ber box 20A ( L0cal ),Local Standard Quality,Nos, Supply ,10%,5116.28,4650.91,465.09,5116,0.01%,0.28
25187,Manual Chang Over / bush ber box 30A ( Local ) ,Local Standard Quality,Nos, Supply ,10%,6139.53,5580.91,558.09,6139,0.01%,0.53
25188,Manual Chang Over / bush ber box 50A ( Local ),Local Standard Quality,Nos, Supply ,10%,6651.16,6046.36,604.64,6651,0.00%,0.16
25189,MK Box ,Legrend/MK/winner/super star/Energy PAC/China,Nos, Supply ,10%,46.05,41.82,4.18,46,0.10%,0.05
25190,PVC Board 3mm,RFL/Partex/Bengal,SFT, Supply ,10%,81.86,73.64,7.36,81,1.05%,0.86
25191,PVC Board 4mm,RFL/Partex/Bengal,SFT, Supply ,10%,92.09,83.64,8.36,92,0.10%,0.09
25192,PVC Board others mm,RFL/Partex/Bengal,SFT, Supply ,10%,122.79,110.91,11.09,122,0.64%,0.79
25193,New network port with all accessories,Standard Quality,Nos, Supply ,10%,4093.02,3720.91,372.09,4093,0.00%,0.02
25194,New power port with all accessories,Standard Quality,Nos, Supply ,10%,4297.67,3906.36,390.64,4297,0.02%,0.67
25195,New Telephone port with all accessories,Standard Quality,Nos, Supply ,10%,3069.77,2790.00,279.00,3069,0.03%,0.77
25196,Paper Plate (For Rat Control),Standard Quality,Nos, Supply ,10%,15.35,13.64,1.36,15,2.27%,0.35
25197,Pencil Battery for remote,Sunlight,Nos, Supply ,10%,30.70,27.27,2.73,30,2.27%,0.70
25198,PFI  Measuring Meter,Germany/ Turkey/India,Nos, Supply ,10%,5116.28,4650.91,465.09,5116,0.01%,0.28
25199,PFI Relay,Germany/ Turkey/India,Nos, Supply ,10%,1227.91,1115.45,111.55,1227,0.07%,0.91
25200,"Pick up (1.5 ton, Jack & others) Rent (full day) , Inside Dhaka/City",,Nos, Service ,15%,5227.27,4545.22,681.78,5227,0.01%,0.27
25201,"Pick up (1.5 ton, Jack & others) Rent (half day) , Inside Dhaka/City",,, Service ,15%,2613.64,2272.17,340.83,2613,0.02%,0.64
25202,"Pick up (1.5 ton, Jack & others) Rent (8hrs) , Out Side Dhaka/City",,Nos, Service ,15%,6272.73,5453.91,818.09,6272,0.01%,0.73
25203,Plastic board (for rat Control),Standard Quality,Nos, Supply ,10%,18.42,16.36,1.64,18,2.27%,0.42
25204,Polythin (Cover),Standard Quality,SFT, Supply ,10%,20.47,18.18,1.82,20,2.27%,0.47
25205,Cable 1.3 RM,BRB/Paradise/BBS,Rft, Supply ,10%,15.35,13.64,1.36,15,2.27%,0.35
25206,Pot Plant monthly rental basis,Standard Quality,nos, Supply ,10%,306.98,278.18,27.82,306,0.32%,0.98
25207,Pot Plant Purchase,Standard Quality,nos, Supply ,10%,1125.58,1022.73,102.27,1125,0.05%,0.58
25208,"PVC pipe (1/2"")",RFL/Partex,RFT, Supply ,10%,15.35,13.64,1.36,15,2.27%,0.35
25209,"PVC pipe (3/4"")",RFL/Partex,RFT, Supply ,10%,17.40,15.45,1.55,17,2.27%,0.40
25210,"PVC pipe (1"")",RFL/Partex,RFT, Supply ,10%,20.47,18.18,1.82,20,2.27%,0.47
25211,"Power Cable (Oven & Kettle) (10 A, 15A, 20A)",Standard Quality,RFT, Supply ,10%,460.47,418.18,41.82,460,0.10%,0.47
25212,Premises wiring check ,Standard Quality,Job, Service ,15%,2613.64,2272.17,340.83,2613,0.02%,0.64
25213,Push kathi,Standard Quality,Nos, Supply ,10%,460.47,418.18,41.82,460,0.10%,0.47
25214,Basin Mirror,Nasir glass,SFT, Supply ,10%,358.14,325.45,32.55,358,0.04%,0.14
25215,PVC Solid Door,RFL/Partex,nos, Supply ,10%,8697.67,7906.36,790.64,8697,0.01%,0.67
25216,PVC Tape,Osaka,nos, Supply ,10%,30.70,27.27,2.73,30,2.27%,0.70
25217,Rechargeable light 18/20 watt," Osram/Trantec/Philphs, Osaka, super star",Nos, Supply ,10%,1534.88,1394.55,139.45,1534,0.06%,0.88
25218,Remote Battery,Standard Quality,Nos, Supply ,10%,30.70,27.27,2.73,30,2.27%,0.70
25219,Repeat Gun,Standard Quality,PKT, Supply ,10%,818.60,743.64,74.36,818,0.07%,0.60
25220,Roller Blind,Standard Quality,SFT, Supply ,10%,235.35,213.64,21.36,235,0.15%,0.35
25221,Rolling Carpet,Standard Quality,SFT, Supply ,10%,358.14,325.45,32.55,358,0.04%,0.14
25222, Cable 1.0 RM,BRB/Paradise/BBS,Rft, Supply ,10%,15.35,13.64,1.36,15,2.27%,0.35
25223,Round Door Lock,Standard Quality,Nos, Supply ,10%,1330.23,1209.09,120.91,1330,0.02%,0.23
25224,"2?? SS Pipe, 1.5 mm Thickness (For Railing Works)",Standard Quality,Rft, Supply ,10%,327.44,297.27,29.73,327,0.13%,0.44
25225,S.S. Haze Bolt (Door Lock Works),Standard Quality,Nos, Supply ,10%,665.12,604.55,60.45,665,0.02%,0.12
25226,1 x 1.5 rm BYA Cable,BRB/Paradise/BBS,Rft, Supply ,10%,15.35,13.64,1.36,15,2.27%,0.35
25227,1 x 1 rm BYA Cable,BRB/Paradise/BBS,Rft, Supply ,10%,15.35,13.64,1.36,15,2.27%,0.35
25228,Small Towel(Napkin),Standard Quality,Nos, Supply ,10%,184.19,167.27,16.73,184,0.10%,0.19
25229,1?? Flexible Pipe,RFL,Rft, Supply ,10%,10.23,9.09,0.91,10,2.27%,0.23
25230,« ?? Flexible Pipe,RFL,Rft, Supply ,10%,5.12,4.55,0.45,5,2.27%,0.12
25231,3/4 ?? Flexible Pipe,RFL,Rft, Supply ,10%,7.16,6.36,0.64,7,2.27%,0.16
25232,2?? Flexible Pipe,RFL,Rft, Supply ,10%,20.47,18.18,1.82,20,2.27%,0.47
25233,3?? Flexible Pipe,RFL,Rft, Supply ,10%,30.70,27.27,2.73,30,2.27%,0.70
25234,Tiles Putting ,Standard Quality,SFT, Supply ,10%,10.23,9.09,0.91,10,2.27%,0.23
25235,Shutter Spring bati ,Standard Quality,Nos, Supply ,10%,2558.14,2325.45,232.55,2558,0.01%,0.14
25236,Silicon Gum,Standard Quality,Nos, Supply ,10%,593.49,539.09,53.91,593,0.08%,0.49
25237,slide door Tala & al tala ,Standard Quality,Nos, Supply ,10%,511.63,464.55,46.45,511,0.12%,0.63
25238,Vertical blind stand/upper hanger/channel,Standard Quality,rft, Supply ,10%,204.65,185.45,18.55,204,0.32%,0.65
25239,Shutter pipe,Standard Quality,rft, Supply ,10%,184.19,167.27,16.73,184,0.10%,0.19
25240,Sofa (Single) rexin replace,Standard Quality,nos, Supply ,10%,4093.02,3720.91,372.09,4093,0.00%,0.02
25241,Aluminum Floor channel for sliding glass moving,Standard Quality,rft, Supply ,10%,255.81,231.82,23.18,255,0.32%,0.81
25242,Sofa(Double) Rexin repalce,Standard Quality,nos, Supply ,10%,8186.05,7441.82,744.18,8186,0.00%,0.05
25243,Soft executive Towel,Standard Quality,nos, Supply ,10%,1227.91,1115.45,111.55,1227,0.07%,0.91
25244,Solar Charge Controller,Standard Quality,nos, Supply ,10%,3069.77,2790.00,279.00,3069,0.03%,0.77
25245,Solar Inverter (different rating),Standard Quality,nos, Supply ,10%,7674.42,6976.36,697.64,7674,0.01%,0.42
25246,Spot Light,Standard Quality,Nos, Supply ,10%,460.47,418.18,41.82,460,0.10%,0.47
25247,Spot Light Casing (Holder) ,Standard Quality,Nos, Supply ,10%,306.98,278.18,27.82,306,0.32%,0.98
25248,SS Royal Bolt,Standard Quality,PKT, Supply ,10%,25.58,22.73,2.27,25,2.27%,0.58
25249,Steel Cabinet lock replae,Standard Quality,nos, Supply ,10%,1227.91,1115.45,111.55,1227,0.07%,0.91
25250,Steel Cabinet repairing,Standard Quality,nos, Service ,15%,2090.91,1817.39,272.61,2090,0.04%,0.91
25251,Supply Kill pest ,Standard Quality,nos, Supply ,10%,2558.14,2325.45,232.55,2558,0.01%,0.14
25252,Supply Multi socket ,Legrend/MK/winner/super star/Energy PAC,nos, Supply ,10%,460.47,418.18,41.82,460,0.10%,0.47
25253,Supply of 05Kvar Capacitor,Germany/Turkey/India,nos, Supply ,10%,3274.42,2976.36,297.64,3274,0.01%,0.42
25254,Floor Tiles Carpet,Standard Quality,Sft, Supply ,10%,460.47,418.18,41.82,460,0.10%,0.47
25255,Acyralic sheet,Standard Quality,Sft, Supply ,10%,255.81,231.82,23.18,255,0.32%,0.81
25256,SS scrating,Standard Quality,Sft, Supply ,10%,358.14,325.45,32.55,358,0.04%,0.14
25257,3`` brick wall with plaster.,Standard Quality with Scan/Holcim/Shah cement,Sft, Supply ,10%,163.72,148.18,14.82,163,0.44%,0.72
25258,Supply of 10Kvar Capacitor,Germany/ Turkey/India,nos, Supply ,10%,5116.28,4650.91,465.09,5116,0.01%,0.28
25259,Supply of 15Kvar Capacitor,Germany/ Turkey/India,nos, Supply ,10%,5627.91,5115.45,511.55,5627,0.02%,0.91
25260,Supply of 2.5Kvar Capacitor,Germany/ Turkey/India,nos, Supply ,10%,3581.40,3255.45,325.55,3581,0.01%,0.40
25261,Supply Of 20Kvar Capacitor,Germany/ Turkey/India,nos, Supply ,10%,5627.91,5115.45,511.55,5627,0.02%,0.91
25262,Supply of 25Kvar Capacitor,Germany/ Turkey/India,nos, Supply ,10%,8697.67,7906.36,790.64,8697,0.01%,0.67
25263,Supply of 7.5Kvar Capacitor,Germany/ Turkey/India,nos, Supply ,10%,4604.65,4185.45,418.55,4604,0.01%,0.65
25264,Supply of12.5Kvar Capacitor,Germany/ Turkey/India,nos, Supply ,10%,5116.28,4650.91,465.09,5116,0.01%,0.28
25265,Switch/Button replace(Rate Chart Board),Standard Quality,nos, Supply ,10%,1534.88,1394.55,139.45,1534,0.06%,0.88
25266,Telephone port repairing,Standard Quality,nos, Service ,15%,1045.45,908.70,136.30,1045,0.04%,0.45
25267,Temper door Handle ,VVP Thailand,nos, Supply ,10%,1279.07,1162.73,116.27,1279,0.01%,0.07
25268,Plastic Tin shed with Angle& Accessories,Bengal/Standard Quality,sft, Supply ,10%,409.30,371.82,37.18,409,0.07%,0.30
25269,Profile Tin  shed with Angle& Accessories,Bengal/Standard Quality,sft, Supply ,10%,562.79,510.91,51.09,562,0.14%,0.79
25270,Tin shed Angle & Accessories,Bengal/Cow Brand /Standard Quality,sft, Supply ,10%,358.14,325.45,32.55,358,0.04%,0.14
25271,Temper Glass Door Upper (top) /lower portion (bottom) ,VVP Thailand,Nos, Supply ,10%,2558.14,2325.45,232.55,2558,0.01%,0.14
25272,Tempered Door Lock Repairing,Standard Quality,Nos, Service ,15%,1045.45,908.70,136.30,1045,0.04%,0.45
25273,Tempered Door Repairing,Standard Quality,Nos, Service ,15%,1568.18,1363.48,204.52,1568,0.01%,0.18
25274,Terpal (Cover),Standard Quality,SFT, Supply ,10%,25.58,22.73,2.27,25,2.27%,0.58
25275,Tissue Box(Acrylic sheet),Standard Quality,Nos, Supply ,10%,1023.26,930.00,93.00,1023,0.03%,0.26
25276,"TP, 220V magnetic contactor adequate rating",Germany/ Turkey/India,Nos, Supply ,10%,11255.81,10231.82,1023.18,11255,0.01%,0.81
25277,"Truck 5 ton Rent (8hrs) , Inside Dhaka/City",,Nos, Service ,15%,10977.27,9545.22,1431.78,10977,0.00%,0.27
25278,"Truck 5 ton Rent (8hrs) Rent (8hrs) , Out Side Dhaka/City",,Nos, Service ,15%,19863.64,17272.17,2590.83,19863,0.00%,0.64
25279,TV Remote,Standard Quality,Nos, Supply ,10%,818.60,743.64,74.36,818,0.07%,0.60
25280,Vault /grill door key replace with lock/liver,Standard Quality,Nos, Service ,15%,5227.27,4545.22,681.78,5227,0.01%,0.27
25281,Vault key replace without  lock/liver,Standard Quality,Nos, Service ,15%,3345.45,2908.70,436.30,3345,0.01%,0.45
25282,VGA Cable 10 mtr,Dtech/china,Nos, Supply ,10%,3581.40,3255.45,325.55,3581,0.01%,0.40
25283,VGA Cable 15mtr,Dtech/china,Nos, Supply ,10%,4297.67,3906.36,390.64,4297,0.02%,0.67
25284,VGA Cable 20mtr,Dtech/china,Nos, Supply ,10%,5116.28,4650.91,465.09,5116,0.01%,0.28
25285,VGA Cable 5 mtr,Dtech/china,Nos, Supply ,10%,3069.77,2790.00,279.00,3069,0.03%,0.77
25286,Wall mountain Fan,National/GFC,Nos, Supply ,10%,5116.28,4650.91,465.09,5116,0.01%,0.28
25287,Wash room jam clear,Standard Quality,Nos, Supply ,10%,1534.88,1394.55,139.45,1534,0.06%,0.88
25288,Water Meter,Baylan /others standard qaulity,Nos, Supply ,10%,10232.56,9301.82,930.18,10232,0.01%,0.56
25289,White Cement 250GM,Standard Quality,PKT, Supply ,10%,81.86,73.64,7.36,81,1.05%,0.86
25290,"PVC pipe (2"")",RFL/Bengal,Rft, Supply ,10%,81.86,73.64,7.36,81,1.05%,0.86
25291,"PVC pipe (3"")",RFL/Bengal,Rft, Supply ,10%,102.33,92.73,9.27,102,0.32%,0.33
25292,Iron Rack ,Standard Quality,sft, Supply ,10%,153.49,139.09,13.91,153,0.32%,0.49
25293,"PVC Channel 1/2""",Standard quality ,Rft, Supply ,10%,6.14,5.45,0.55,6,2.27%,0.14
25294,"PVC Channel 3/4""",Standard quality ,Rft, Supply ,10%,8.19,7.27,0.73,8,2.27%,0.19
25295,"PVC Channel 1""",Standard quality ,Rft, Supply ,10%,10.23,9.09,0.91,10,2.27%,0.23
25296,"PVC Channel 2""",Standard quality ,Rft, Supply ,10%,14.33,12.73,1.27,14,2.27%,0.33
25297,White writing board with Stand,Standard Quality,Nos, Supply ,10%,8186.05,7441.82,744.18,8186,0.00%,0.05
25298,White writing board without Stand,Standard Quality,nos, Supply ,10%,5116.28,4650.91,465.09,5116,0.01%,0.28
25299,Wooden cabinet /drawer unit repairing with accessories,Standard Quality,nos, Service ,15%,1045.45,908.70,136.30,1045,0.04%,0.45
25300,Wooden Door Cobza,Standard Quality,Nos, Supply ,10%,255.81,231.82,23.18,255,0.32%,0.81
25301,Wooden Key Board Tray,Standard Quality,Nos, Supply ,10%,972.09,883.64,88.36,972,0.01%,0.09
25302,"Ehahust Fan-6""(Round,Wall)",KDK,Nos, Supply ,10%,1841.86,1673.64,167.36,1841,0.05%,0.86
25303,"Ehahust Fan-6""(Round,Wall)",National Delux,Nos, Supply ,10%,1176.74,1069.09,106.91,1176,0.06%,0.74
25304,"Ehahust Fan-6""(Round,Wall)",Mira,Nos, Supply ,10%,1381.40,1255.45,125.55,1381,0.03%,0.40
25305,"Ehahust Fan-8""(Round,Wall)",KDK,Nos, Supply ,10%,3581.40,3255.45,325.55,3581,0.01%,0.40
25306,"Ehahust Fan-8""(Round,Wall)",National Delux,Nos, Supply ,10%,1381.40,1255.45,125.55,1381,0.03%,0.40
25307,"Ehahust Fan-8""(Round,Wall)",Mira,Nos, Supply ,10%,2404.65,2185.45,218.55,2404,0.03%,0.65
25308,"Ehahust Fan-10""(Round,Wall)",KDK,Nos, Supply ,10%,2046.51,1860.00,186.00,2046,0.03%,0.51
25309,"Ehahust Fan-10""(Round,Wall)",National Delux,Nos, Supply ,10%,2046.51,1860.00,186.00,2046,0.03%,0.51
25310,"Ehahust Fan-10""(Round,Wall)",Mira,Nos, Supply ,10%,1534.88,1394.55,139.45,1534,0.06%,0.88
25311,"Ehahust Fan-6""(Square, Wall)",KDK,Nos, Supply ,10%,1841.86,1673.64,167.36,1841,0.05%,0.86
25312,"Ehahust Fan-6""(Square, Wall)",National Delux,Nos, Supply ,10%,1176.74,1069.09,106.91,1176,0.06%,0.74
25313,"Ehahust Fan-6""(Square, Wall)",Mira,Nos, Supply ,10%,1483.72,1348.18,134.82,1483,0.05%,0.72
25314,"Ehahust Fan-8""(Square, Wall)",KDK,Nos, Supply ,10%,2046.51,1860.00,186.00,2046,0.03%,0.51
25315,"Ehahust Fan-8""(Square, Wall)",National Delux,Nos, Supply ,10%,1381.40,1255.45,125.55,1381,0.03%,0.40
25316,"Ehahust Fan-8""(Square, Wall)",Mira,Nos, Supply ,10%,1841.86,1673.64,167.36,1841,0.05%,0.86
25317,"Ehahust Fan-10""(Square, Wall)",KDK,Nos, Supply ,10%,2558.14,2325.45,232.55,2558,0.01%,0.14
25318,"Ehahust Fan-10""(Square, Wall)",National Delux,Nos, Supply ,10%,1534.88,1394.55,139.45,1534,0.06%,0.88
25319,"Ehahust Fan-10""(Square, Wall)",Mira,Nos, Supply ,10%,1739.53,1580.91,158.09,1739,0.03%,0.53
25320,"Ehahust Fan-6""(Round,Ceiling)",KDK,Nos, Supply ,10%,1841.86,1673.64,167.36,1841,0.05%,0.86
25321,"Ehahust Fan-6""((Round,Ceiling))",National Delux,Nos, Supply ,10%,1227.91,1115.45,111.55,1227,0.07%,0.91
25322,"Ehahust Fan-6""((Round,Ceiling))",Mira,Nos, Supply ,10%,1637.21,1488.18,148.82,1637,0.01%,0.21
25323,"Ehahust Fan-8""(Round,Ceiling)",KDK,Nos, Supply ,10%,3581.40,3255.45,325.55,3581,0.01%,0.40
25324,"Ehahust Fan-8""(Round,Ceiling)",National Delux,Nos, Supply ,10%,1534.88,1394.55,139.45,1534,0.06%,0.88
25325,"Ehahust Fan-8""(Round,Ceiling)",Mira,Nos, Supply ,10%,2046.51,1860.00,186.00,2046,0.03%,0.51
25326,"Ehahust Fan-10""(Round,Ceiling)",KDK,Nos, Supply ,10%,3990.70,3627.27,362.73,3990,0.02%,0.70
25327,"Ehahust Fan-10""(Round,Ceiling)",National Delux,Nos, Supply ,10%,2251.16,2046.36,204.64,2251,0.01%,0.16
25328,"Ehahust Fan-10""(Round,Ceiling)",Mira,Nos, Supply ,10%,2660.47,2418.18,241.82,2660,0.02%,0.47
25329,"Ehahust Fan-6""(Square, Ceiling)",KDK,Nos, Supply ,10%,3581.40,3255.45,325.55,3581,0.01%,0.40
25330,"Ehahust Fan-6""(Square, Ceiling)",National Delux,Nos, Supply ,10%,1534.88,1394.55,139.45,1534,0.06%,0.88
25331,"Ehahust Fan-6""(Square, Ceiling)",Mira,Nos, Supply ,10%,2558.14,2325.45,232.55,2558,0.01%,0.14
25332,"Ehahust Fan-8""(Square, Ceiling)",KDK,Nos, Supply ,10%,3786.05,3441.82,344.18,3786,0.00%,0.05
25333,"Ehahust Fan-8""(Square, Ceiling)",National Delux,Nos, Supply ,10%,1698.60,1543.64,154.36,1698,0.04%,0.60
25334,"Ehahust Fan-8""(Square, Ceiling)",Mira,Nos, Supply ,10%,2558.14,2325.45,232.55,2558,0.01%,0.14
25335,"Ehahust Fan-10""(Square, Ceiling)",KDK,Nos, Supply ,10%,5934.88,5394.55,539.45,5934,0.01%,0.88
25336,"Ehahust Fan-10""(Square, Ceiling)",National Delux,Nos, Supply ,10%,2148.84,1952.73,195.27,2148,0.04%,0.84
25337,"Ehahust Fan-10""(Square, Ceiling)",Mira,Nos, Supply ,10%,3069.77,2790.00,279.00,3069,0.03%,0.77
25338,Insect killer Tube -2',Philips,Nos, Supply ,10%,286.51,260.00,26.00,286,0.18%,0.51
25339,Insect killer Tube -2',Osram,Nos, Supply ,10%,286.51,260.00,26.00,286,0.18%,0.51
25340,PVC /Rubber floor Matress (Net),RFL,SFT, Supply ,10%,102.33,92.73,9.27,102,0.32%,0.33
25341,PVC/Rubber floor Matress (Net),China,SFT, Supply ,10%,112.56,101.82,10.18,112,0.50%,0.56
25342,PVC /Rubber floor Matress ,RFL,SFT, Supply ,10%,127.91,115.45,11.55,127,0.71%,0.91
25343,PVC/Rubber floor Matress ,China,SFT, Supply ,10%,107.44,97.27,9.73,107,0.41%,0.44
25344,Insulation Tape,Osaka,Nos, Supply ,10%,30.70,27.27,2.73,30,2.27%,0.70
25345,Insulation Tape,Toshiba,Nos, Supply ,10%,30.70,27.27,2.73,30,2.27%,0.70
25346,Drawer Lock (Triple),KIKO,Nos, Supply ,10%,204.65,185.45,18.55,204,0.32%,0.65
25347,Drawer Lock (Single),KIKO,Nos, Supply ,10%,153.49,139.09,13.91,153,0.32%,0.49
25348,Drawer Handle -SS,Standard Quality,Nos, Supply ,10%,92.09,83.64,8.36,92,0.10%,0.09
25349,Hand Shower -Plastic,"Sattar, Sharif",Nos, Supply ,10%,1023.26,930.00,93.00,1023,0.03%,0.26
25350,Hand Shower -SS,"Sattar, Sharif",Nos, Supply ,10%,1534.88,1394.55,139.45,1534,0.06%,0.88
25351,High Commode,Cotto,Set, Supply ,10%,26604.65,24185.45,2418.55,26604,0.00%,0.65
25352,High Commode,RAK,Set, Supply ,10%,12279.07,11162.73,1116.27,12279,0.00%,0.07
25353,High Commode,Totto,Set, Supply ,10%,22511.63,20464.55,2046.45,22511,0.00%,0.63
25354,High Commode,Victory,Set, Supply ,10%,20465.12,18604.55,1860.45,20465,0.00%,0.12
25355,High Commode,Huida,Set, Supply ,10%,22511.63,20464.55,2046.45,22511,0.00%,0.63
25356,CABINET/PEDESTAL BASIN ,RAK,Set, Supply ,10%,4604.65,4185.45,418.55,4604,0.01%,0.65
25357,CABINET/PEDESTAL BASIN ,Victory,Set, Supply ,10%,7162.79,6510.91,651.09,7162,0.01%,0.79
25358,CABINET/PEDESTAL BASIN ,Huida,Set, Supply ,10%,7162.79,6510.91,651.09,7162,0.01%,0.79
25359,"Urinal Supply, fitting & fixing of urinal set ( Local ) of approved color with other fittings etc. complete in all respect as per design drawing and direction of Authority.",Cotto,Set, Supply ,10%,6139.53,5580.91,558.09,6139,0.01%,0.53
25360,STAINLESS STEEL SINK 20? X 40? size [single bowl single tray],"Gazi, RFL",Set, Supply ,10%,3888.37,3534.55,353.45,3888,0.01%,0.37
25361,Coat Hanger SS,Cotto,Nos, Supply ,10%,306.98,278.18,27.82,306,0.32%,0.98
25362,Coat Hanger SS,Totto,Nos, Supply ,10%,306.98,278.18,27.82,306,0.32%,0.98
25363,Wooden Door Closure,"Pacifiq, King",Nos, Supply ,10%,2148.84,1952.73,195.27,2148,0.04%,0.84
25364,"TOWEL RAIL [Local] Best quality available C.P. towel rail of 600 mm  X 20 mm size with C.P. holder, screws etc.",Standard Quality,Nos, Supply ,10%,562.79,510.91,51.09,562,0.14%,0.79
25365,Tissue Holder SS,Standard Quality,Nos, Supply ,10%,767.44,697.27,69.73,767,0.06%,0.44
25366,Tissue Holder (Plastic),Standard Quality,Nos, Supply ,10%,358.14,325.45,32.55,358,0.04%,0.14
25367,Basket Plastic,"RFL, Talukder",Nos, Supply ,10%,245.58,222.73,22.27,245,0.24%,0.58
25368,BIN (Padel) (25 Liter),Standard Quality,Nos, Supply ,10%,1125.58,1022.73,102.27,1125,0.05%,0.58
25369,BIN (Padel) (15 Liter),Standard Quality,Nos, Supply ,10%,767.44,697.27,69.73,767,0.06%,0.44
25370,Keyboard Tray -Plastic,Standard Quality,Nos, Supply ,10%,818.60,743.64,74.36,818,0.07%,0.60
25371,Tepmered Door Lock,VVP Thailand,Nos, Supply ,10%,2251.16,2046.36,204.64,2251,0.01%,0.16
25372,Tempered Door Closer,VVP Thailand,Nos, Supply ,10%,5627.91,5115.45,511.55,5627,0.02%,0.91
25373,Sliding door Lock,VVP Thailand,Nos, Supply ,10%,204.65,185.45,18.55,204,0.32%,0.65
25374,Sliding Door Wheel,VVP Thailand,Nos, Supply ,10%,163.72,148.18,14.82,163,0.44%,0.72
25375,Drawer Handle -SS,VVP Thailand,Nos, Supply ,10%,122.79,110.91,11.09,122,0.64%,0.79
25376,Wooden Door clousre,VVP Thailand,Nos, Supply ,10%,2558.14,2325.45,232.55,2558,0.01%,0.14
25377,"Sitkery -SS- 4""",VVP Thailand,Nos, Supply ,10%,122.79,110.91,11.09,122,0.64%,0.79
25378,"Sitkery -SS- 6""",VVP Thailand,Nos, Supply ,10%,122.79,110.91,11.09,122,0.64%,0.79
25379,"Sitkery -SS- 8""",VVP Thailand,Nos, Supply ,10%,133.02,120.91,12.09,133,0.02%,0.02
25380,"Sitkery -SS- 10""",VVP Thailand,Nos, Supply ,10%,153.49,139.09,13.91,153,0.32%,0.49
25381,"Sitkery -SS- 12""",VVP Thailand,Nos, Supply ,10%,204.65,185.45,18.55,204,0.32%,0.65
25382,Consol Cobza,VVP Thailand,Nos, Supply ,10%,102.33,92.73,9.27,102,0.32%,0.33
25383,Thread Tape,Pedrollo,Nos, Supply ,10%,25.58,22.73,2.27,25,2.27%,0.58
25384,Commode Syphone set- Plastic/SS  chain,RAK,Nos, Supply ,10%,1227.91,1115.45,111.55,1227,0.07%,0.91
25385,Commode Seat Cover,RAK,Nos, Supply ,10%,1944.19,1767.27,176.73,1944,0.01%,0.19
25386,Commode Seat Cover,Cotto,Nos, Supply ,10%,2558.14,2325.45,232.55,2558,0.01%,0.14
25387,Commode Seat Cover,Totto,Nos, Supply ,10%,2558.14,2325.45,232.55,2558,0.01%,0.14
25388,Commode seat Cover Nut,RAK,Nos, Supply ,10%,388.84,352.73,35.27,388,0.22%,0.84
25389,Liquid Soap case,Smart- Liginda,Nos, Supply ,10%,511.63,464.55,46.45,511,0.12%,0.63
25390,Angle Stop Cock Metal,"Sattar, Sharif",Nos, Supply ,10%,972.09,883.64,88.36,972,0.01%,0.09
25391,Moving Pillar Cock,"Sattar, Sharif",Nos, Supply ,10%,1330.23,1209.09,120.91,1330,0.02%,0.23
25392,Sink Cock,"Sattar, Sharif",Nos, Supply ,10%,1893.02,1720.91,172.09,1893,0.00%,0.02
25393,Bib Cock,"Sattar, Sharif",Nos, Supply ,10%,1432.56,1301.82,130.18,1432,0.04%,0.56
25394,Connection pipe,VASCO,Nos, Supply ,10%,184.19,167.27,16.73,184,0.10%,0.19
25395,Magic Pipe,China,Nos, Supply ,10%,122.79,110.91,11.09,122,0.64%,0.79
25396,Moving door Lock SS,JTC,Nos, Supply ,10%,358.14,325.45,32.55,358,0.04%,0.14
25397,Basin waste,China,Nos, Supply ,10%,665.12,604.55,60.45,665,0.02%,0.12
25398,"5? THICK BRICK WORK Brick work with 1st class bricks of one brick width [ñ5?] in cement mortar (1:4) in exterior or interior walls in/c filling the interstices with mortar, racking out joints cleaning and soaking the bricks at least for 24 hours before use and necessary scaffolding, curing at least for 7 days etc. complete in all respect as per design drawing and direction of Architect/ Authority.","1st class brick , sand, Cement -Holcim/Scan",sft, Service ,15%,156.82,135.65,20.35,156,0.52%,0.82
25399,"10? THICK BRICK WORK Brick work with 1st class bricks of one brick width [ñ10?] in cement mortar (1:4) in exterior or interior walls in/c filling the interstices with mortar, racking out joints cleaning and soaking the bricks at least for 24 hours before use and necessary scaffolding, curing at least for 7 days etc. complete in all respect as per design drawing and direction of Architect/ Authority.","1st class brick , sand, Cement -Holcim/Scan",sft, Service ,15%,182.95,158.26,23.74,182,0.52%,0.95
25400,"R.C.C  WORK [LINTEL/SLAB/WALL] Reinforced cement concrete works (1:2:4) having minimum crushing strength 18 Mpa (cylinder) at 28 days with cement, best quality coarse sand [50% quantity of best local sand (F.M.-1.5) and 50% quantity of Sylhet sand or coarse sand of equivalent (F.M.- 2.5)] picked jhama chips including breaking chips and screening, centering, shuttering, supplying polythene sheet for making shuttering leak proof, placing of rod in position, mixing the aggregates, casting in forms, compacting & curing for 15 days if possible  including the cost of reinforcement and its fabrication as per design drawing and direction of Architect/Authority.","Stone chips, sand, cement (Holcim/Scan), ROD-BSRM/KSRM/RSM/AKS",CFT, Service ,15%,261.36,226.96,34.04,261,0.14%,0.36
25401,"R.C.C  WORK [Vault & Locker] Reinforced cement concrete works (1:2:4) having minimum crushing strength 18 Mpa (cylinder) at 28 days with cement, best quality coarse sand [50% quantity of best local sand (F.M.-1.5) and 50% quantity of Sylhet sand or coarse sand of equivalent (F.M.- 2.5)] Stone Chips including screening, centering, shuttering, supplying polythene sheet for making shuttering leak proof, placing of rod in position, mixing the aggregates, casting in forms, compacting & curing for 15 days if possible  including the cost of reinforcement and its fabrication as per design drawing and direction of Architect/Authority.","Stone chips, sand, cement (Holcim/Scan), ROD-BSRM/KSRM/RSM/AKS",CFT, Service ,15%,449.55,390.43,58.57,449,0.12%,0.55
25402,"C.C WORK [Cemet concrete works] (1:2:4) with cement, best quality coarse sand [50% quantity of best local sand (F.M.-1.5) and 50% quantity of Sylhet sand or coarse sand of equivalent (F.M.- 2.5)] Stone Chips including screening, centering, shuttering, supplying polythene sheet, mixing the aggregates, casting in forms, compacting & curing for 15 days if possible  including the cost of reinforcement and its fabrication as per design drawing and direction of Architect/Authority.",Chipping & cleaning the floor before patent stone casting,sft, Service ,15%,141.14,122.61,18.39,141,0.10%,0.14
25403,"PATENT STONE Artificial stone flooring work, at all heights, 38 mm thick  in 1:2:4 using 50% coarse sand (Min F .M. 2.5) 50%  medium sand of Minimum F .M. 1.5 as fine aggregate and 1/2"" down graded brick chips as coarse aggregate including breaking the bricks into chips, screening and washing of chips and sand, compacting, conveying, placing the concrete, curing for at least 7 (seven) days etc.complete in all respect as per design drawing and direction of Architect/ Authority.","stone chips, sand, cement -Holcim/Scan",sft, Service ,15%,10.45,8.70,1.30,10,4.35%,0.45
25404,"Collapsible Gate Supply, fitting & fixing collapsible gate with approved thickness and quality including locking arrangement and paint finish etc. complete in all respect as per design drawing and direction of Architect/ Authority.",Standard Quality, Sft , Service ,15%,679.55,590.43,88.57,679,0.08%,0.55
25405,Shutter (24 Gaze) with all accessories,Standard Quality, sft , Supply ,10%,491.16,446.36,44.64,491,0.03%,0.16
25406,Shutter spring ,Standard Quality, Nos , Supply ,10%,2046.51,1860.00,186.00,2046,0.03%,0.51
25407,Emergency Door (Metal) as per design drawing and direction of Architect/ Authority.,Standard Quality, NOS , Service ,15%,36590.91,31817.39,4772.61,36590,0.00%,0.91
25408,"MS WINDOW/ Boundary GRILL Supplying, fitting and fixing window grill made by 3/4? x 3/4? solid MS square bar placed 4? C/C horizontally and 1?-0? to 1?-6? C/C vertically, properly fabricated  and welded, after every 10' vertical post , clamped within the masonry opening, in/c cutting holes for fixing etc. painting 3 coats            with approved color synthetic enamel paint of ?Berger? brand over a coat of anticorrosive painting in/c. cleaning, finishing, grinding putty works etc. complete in all respect as per design, drawing and direction of Architect/ Authority.",Standard Quality, Sft , Service ,15%,188.18,163.48,24.52,188,0.10%,0.18
25409,"MIRROR POLISHED HOMOGENEOUS FLOOR TILE [IMPORTED, CREAM COLOR] Supplying, fitting and fixing homogeneous floor tiles [Imported] of 24"" x 24"" size and quality on 20 mm thick cement mortar (1:2) base or by ?CONMIX? base and raking out the joints with white cement and colored pigment including cutting by electric disk cutter and laying tiles in proper way in/c chipping or dismantling of existing floor if necessary and finishing with care etc., complete in all respect as per design drawing and direction of Architect/Authority. ",Standard Quality,Sft, Service ,15%,266.59,231.30,34.70,266,0.22%,0.59
25410,"HOMOGENEOUS FLOOR TILE [LOCAL] Supplying, fitting and fixing homogeneous floor tiles [LOCAL] of 12"" x 12""/16"" x16"" size and quality on 20 mm thick cement mortar (1:2) base or by ?CONMIX? base and raking out the joints with white cement and colored pigment including cutting by electric disk cutter and laying tiles in proper way in/c chipping or dismantling of existing floor if necessary and finishing with care etc., complete in all respect as per design drawing and direction of Authority.",Standard Quality,Sft, Service ,15%,198.64,172.17,25.83,198,0.32%,0.64
25411,"STAIR STEP TILE [LOCAL] Supplying, fitting and fixing homogenous stair step tile [LOCAL] of 12"" x 12""  size & quality on at least ??  thick cement mortar (1:2) base or by ?CONMIX? base and raking out the joints with white cement and colored pigment including cutting by electric disk cutter and laying tiles in proper way and finishing with care etc. complete in all respect as per design drawing and direction of Authority.",Standard Quality,Sft, Service ,15%,167.27,145.22,21.78,167,0.16%,0.27
25412,"CERAMIC WALL TILE [local] Supplying, fitting and fixing colored glazed wall tiles [Spanish] of approved size & quality on 20 mm thick cement mortar [1:2] base and raking out the joints with white cement including cutting and laying the tiles in proper way and finishing with care etc. complete in all respect as per design drawing and direction of Architect/ Authority.",Standard Quality,Sft, Service ,15%,177.73,153.91,23.09,177,0.41%,0.73
25413,"PAVEMENT TILES WORKS Machine made pavement tiles/block made by Mirpur Ceramic/Concord/Unik/Others of approved quality and color on minimum 20 mm thick cement sand mortar [1:3] in/c raking out joints, cutting the blocks to required size wherever necessary, soaking the same 24 hours before use in/c high class pointing in cement mortar [1:2], cleaning, curing at least 7 days etc. complete in al respect as per design drawing and direction of Authority.",Standard Quality,sft, Service ,15%,162.05,140.87,21.13,162,0.03%,0.05
25414,"GRANITE & MARBLE WORKS  Supplying, fitting and fixing following stone on walls/columns over minimum 18 mm thick cement mortar [1:2] in/c cutting, grinding and polishing the stones, setting in position keeping horizontal & Vertical alignment correct, filling the joints with same color putty, making grooves, finishing with care, etc. complete in all respect as per design, drawing & direction of Authority. Note: [1] Quality, color & texture of Granite stone must be approved before fixing [2] There may be combination of shades for claded materials.",Standard Quality,sft, Service ,15%,940.91,817.39,122.61,940,0.10%,0.91
25415,Rastic Tile,Standard Quality,sft, Service ,15%,397.27,345.22,51.78,397,0.07%,0.27
25416,18/20 mm Marble [required size] / IMPORTED,Standard Quality,Sft, Supply ,10%,767.44,697.27,69.73,767,0.06%,0.44
25417,"TEMPERED GLASS DOOR Supplying, fitting and fixing imported Frameless Tempered Glass Door having 10 mm thickness with all foreign made hardware of best quality available viz. Stainless steel handless concealed auto-closer, stopper, locking arrangement complete in all respect as per design, drawing and direction of Architect/Authority. Size : 3?- 0? W x 7?- 0? ",VVP Thailand,Nos, Supply ,10%,23534.88,21394.55,2139.45,23534,0.00%,0.88
25418,"TEMPERED GLASS DOOR Supplying, fitting and fixing imported Frameless Tempered Glass Door having 10 mm thickness with all foreign made hardware of best quality available viz. Stainless steel handless concealed auto-closer, stopper, locking arrangement complete in all respect as per design, drawing and direction of Architect/Authority. Size : 2""-6""?- W x 7?- 0? ",VVP Thailand,Nos, Supply ,10%,20465.12,18604.55,1860.45,20465,0.00%,0.12
25419,"FRAMELESS GLASS PARTITION Supplying, fitting and fixing 8 mm thick clear float glass partition, upper and lower sides are fixed with 1? aluminum protector bit section, complete in all respect as per design, drawing and direction of Authority.",Standard Quality,sft, Supply ,10%,388.84,352.73,35.27,388,0.22%,0.84
25420,"FRAMELESS GLASS PARTITION Supplying, fitting and fixing 6 mm thick clear float glass partition, upper and lower sides are fixed with 1? aluminum protector bit section, complete in all respect as per design, drawing and direction of Authority.",Standard Quality,sft, Supply ,10%,204.65,185.45,18.55,204,0.32%,0.65
25421,"FRAMELESS GLASS PARTITION Supplying, fitting and fixing 10 mm thick clear float glass partition, upper and lower sides are fixed with 1? aluminum protector bit section, complete in all respect as per design, drawing and direction of Authority.",Standard Quality,Sft, Supply ,10%,409.30,371.82,37.18,409,0.07%,0.30
25422,"ALUMINUM SLIDING PARTITIONS  Supplying, fitting and fixing of aluminum sliding windows/doors of 3? silver colored anodized aluminum section with all foreign made hardware of best quality available viz:  handle, locks, wheels original bronze anodized star head matching screws, weather seal/ Mohair, rubber gasket, rivets, neoprene, sealant etc. in/c fitting and fixing of distortion free 5 mm thick clear float glass of approved quality and shade of foreign origin in/c fixing all necessary accessories etc., complete in all respect as per design, drawing and direction of Authority.",Standard Quality,sft, Supply ,10%,358.14,325.45,32.55,358,0.04%,0.14
25423,"ENGRAVED GYPSUM BOARD CEILING   Supplying, fitting and fixing 10 mm thick approved  quality Gypsum board false ceiling fixed over powder quoted T-bar & cross T of section 1?X 1«?, and L-angle of section 1? X 1? at edges, at     2?-0? X 2?-0? grid suspended from ceiling by 12 SWG double ply G.I. wire fixed to the ceiling by rowel plug, iron angles, screws, hooks, nails etc. maintaining straight lines and desired finished level at bottom face with vertical wooden strut as required in/c making holes in slabs, or beams by electric drill machine and mending good  the damages, if any, during execution of the work in/c cost of all materials, accessories, scaffoldings, labor for installation, screws, nails, etc. complete in all respect as per design, drawing and direction of Authority. ",Standard Quality,Sft, Supply ,10%,97.21,88.18,8.82,97,0.22%,0.21
25424,"PLAIN GYPSUM / PARTEX BOARD DROP CEILING & PANELING Supplying, fitting and fixing false ceiling and paneling of «? thick plain Gypsum board/Plain PARTEX board having maximum compressive pressure, suspended from existing R.C.C. ceiling of the building at a level of 8?-0? [or as per direction] height on a 2?-0? x 2?-0? grid frame work of C steel section/1«? x 2«? wooden section of best quality seasoned Garjan wood in/c anchoring the alternate junctions with 12 SWG double ply G.I. wire fixed to the ceiling by rowel plug, screws, hooks, nails etc. maintaining straight lines and desired finished level at bottom face with vertical wooden strut a required in/c making holes in slabs, or beams by electric drill machine & mending good the damages if any, during execution of the work in/c cost of all materials, accessories, scaffoldings, labour for installation, screws, nails, etc, making provisions for lighting arrangement, including painting with at least 3 coats of approved colour plastic paint over a coat of priming in/c necessary sanding, putty works etc.   complete in all respect as per design, drawing and direction of Architect/Authority.",Standard Quality,SFT, Service ,15%,230.00,200.00,30.00,230,0.00%,0.00
25425,"GYPSUM board (only), false ceiling",Shakura,sft, Supply ,10%,56.28,50.91,5.09,56,0.50%,0.28
25426,GYPSUM board (only)false ceiling,China,sft, Supply ,10%,66.51,60.00,6.00,66,0.77%,0.51
25427,"Melamine board 1/2""",Standard Quality,sft, Supply ,10%,132.00,120.00,12.00,132,0.00%,0.00
25428,"Melamine board 3/4 """,Standard Quality,Sft, Supply ,10%,182.14,165.45,16.55,182,0.08%,0.14
25429,"Melamine board 1""",Standard Quality,sft, Supply ,10%,199.53,180.91,18.09,199,0.27%,0.53
25430,Cross T,Standard Quality,Rft, Supply ,10%,14.33,12.73,1.27,14,2.27%,0.33
25431,Main T,Standard Quality,RFT, Supply ,10%,20.47,18.18,1.82,20,2.27%,0.47
25432,Ply Wood,Standard Quality,SFT, Supply ,10%,196.47,178.18,17.82,196,0.24%,0.47
25433,"Partex flush Door with necessary arrengement(Door Frame , Hings, Round door lock, hazbole etc)",Garjon,Nos, Supply ,10%,12279.07,11162.73,1116.27,12279,0.00%,0.07
25434,Wooden Door frame (Chowkhat) only,Garjon,Nos, Supply ,10%,5627.91,5115.45,511.55,5627,0.02%,0.91
25435,Partex flush door (Palla) only,Garjon,Nos, Supply ,10%,5116.28,4650.91,465.09,5116,0.01%,0.28
25436,Hazbolt SS,Standard Quality,Nos, Supply ,10%,613.95,557.27,55.73,613,0.16%,0.95
25437,"Venetian Blind (Vertical), 125 mm wide vertical blind",Best quality,sft, Supply ,10%,148.37,134.55,13.45,148,0.25%,0.37
25438,Self Adhesive Frosted paper,Standard Quality,sft, Supply ,10%,35.81,31.82,3.18,35,2.27%,0.81
25439,"CHEQUE WRITING TABLE   Supply, fitting & fixing of table made of  Stainless steel framing and 8 mm babble glass top complete in all respect as per design, drawing and direction of Authority.",Standard Quality,Nos, Supply ,10%,8186.05,7441.82,744.18,8186,0.00%,0.05
25440, 8 mm bubble glass top for Cheqaue writing table only,Standard Quality,sft, Supply ,10%,240.47,218.18,21.82,240,0.19%,0.47
25441,Tube Light - 18 W,Philips,Nos, Supply ,10%,173.95,157.27,15.73,173,0.55%,0.95
25442,Tube Light - 18 W,Transtec,Nos, Supply ,10%,173.95,157.27,15.73,173,0.55%,0.95
25443,Tube Light - 18 W,Rangs,Nos, Supply ,10%,306.98,278.18,27.82,306,0.32%,0.98
25444,Tube light-36 W,Philips,Nos, Supply ,10%,173.95,157.27,15.73,173,0.55%,0.95
25445,Tube light-36 W,Transtec,Nos, Supply ,10%,173.95,157.27,15.73,173,0.55%,0.95
25446,Tube light-36 W,Rangs,Nos, Supply ,10%,317.21,288.18,28.82,317,0.07%,0.21
25447,LED tuble T5 (2'),Philips,Nos, Supply ,10%,409.30,371.82,37.18,409,0.07%,0.30
25448,LED tuble T5 (2'),Transtec,Nos, Supply ,10%,409.30,371.82,37.18,409,0.07%,0.30
25449,LED tuble T5 (2'),Rangs,Nos, Supply ,10%,409.30,371.82,37.18,409,0.07%,0.30
25450,LED tuble T5 (4'),Philips,Nos, Supply ,10%,562.79,510.91,51.09,562,0.14%,0.79
25451,LED tuble T5 (4'),Transtec,Nos, Supply ,10%,562.79,510.91,51.09,562,0.14%,0.79
25452,LED tuble T5 (4'),Rangs,Nos, Supply ,10%,613.95,557.27,55.73,613,0.16%,0.95
25453,LED tuble T8 (2'),Philips,Nos, Supply ,10%,460.47,418.18,41.82,460,0.10%,0.47
25454,LED tuble T8 (2'),Transtec,Nos, Supply ,10%,460.47,418.18,41.82,460,0.10%,0.47
25455,LED tuble T8 (2'),Rangs,Nos, Supply ,10%,583.26,530.00,53.00,583,0.04%,0.26
25456,LED tuble T8 (4'),Philips,Nos, Supply ,10%,588.37,534.55,53.45,588,0.06%,0.37
25457,LED tuble T8 (4'),Transtec,Nos, Supply ,10%,588.37,534.55,53.45,588,0.06%,0.37
25458,LED tuble T8 (4'),Rangs,Nos, Supply ,10%,716.28,650.91,65.09,716,0.04%,0.28
25459,Ballast -18 W,Atco (Made in Australia),Nos, Supply ,10%,306.98,278.18,27.82,306,0.32%,0.98
25460,Ballast -18 W,Racer ( Made in Thailand),Nos, Supply ,10%,276.28,250.91,25.09,276,0.10%,0.28
25461,Ballast -18 W,Rangs,Nos, Supply ,10%,255.81,231.82,23.18,255,0.32%,0.81
25462,Ballast -36W,Atco (Made in Australia),Nos, Supply ,10%,327.44,297.27,29.73,327,0.13%,0.44
25463,Ballast -36W,Racer ( Made in Thailand),Nos, Supply ,10%,317.21,288.18,28.82,317,0.07%,0.21
25464,Ballast -36W,Rangs,Nos, Supply ,10%,306.98,278.18,27.82,306,0.32%,0.98
25465,Starter,Philips,Nos, Supply ,10%,30.70,27.27,2.73,30,2.27%,0.70
25466,Spot Light 220 v,Philips,Nos, Supply ,10%,84.93,76.36,7.64,84,1.10%,0.93
25467,Spot Light 220 v,Transtec,Nos, Supply ,10%,84.93,76.36,7.64,84,1.10%,0.93
25468,Spot Light 12 v,Philips,Nos, Supply ,10%,84.93,76.36,7.64,84,1.10%,0.93
25469,Spot Light 12 v,Transtec,Nos, Supply ,10%,90.05,81.82,8.18,90,0.05%,0.05
25470,Revolving chair wheel,Best quality,Nos, Supply ,10%,358.14,325.45,32.55,358,0.04%,0.14
25471,Set Top Box,Best quality,Nos, Supply ,10%,4093.02,3720.91,372.09,4093,0.00%,0.02
25472,Emergency Exit Door Lock/Steel Door Lock           ,Best quality,Nos, Supply ,10%,8697.67,7906.36,790.64,8697,0.01%,0.67
25473,Wall Paper,Best quality,sft, Supply ,10%,122.79,110.91,11.09,122,0.64%,0.79
25474,PVC Board 18mm,Best quality,sft, Supply ,10%,286.51,260.00,26.00,286,0.18%,0.51
25475,PVC Board 12mm,Best quality,sft, Supply ,10%,204.65,185.45,18.55,204,0.32%,0.65
25476,PVC Board 6mm,Best quality,sft, Supply ,10%,102.33,92.73,9.27,102,0.32%,0.33
25477,PVC Board 25mm,Best quality,sft, Supply ,10%,358.14,325.45,32.55,358,0.04%,0.14
25478,PVC Board 8mm,Best quality,sft, Supply ,10%,122.79,110.91,11.09,122,0.64%,0.79
25479,PVC Board 10mm,Best quality,sft, Supply ,10%,225.12,204.55,20.45,225,0.05%,0.12
25480,Stand Fan,National/GFC,Nos, Supply ,10%,10232.56,9301.82,930.18,10232,0.01%,0.56
25481,Service Charge-Major Works-Inside Dhaka,,job, Service ,15%,3136.36,2726.96,409.04,3136,0.01%,0.36
25482,Service Charge-Minor Works-Inside Dhaka,,job, Service ,15%,1045.45,908.70,136.30,1045,0.04%,0.45
25483,Service Charge-Emergency Works-Inside Dhaka,,job, Service ,15%,5227.27,4545.22,681.78,5227,0.01%,0.27
25484,Service Charge-Major Works-Outside Dhaka,,job, Service ,15%,8363.64,7272.17,1090.83,8363,0.01%,0.64
25485,Service Charge-Minor Works-Outside Dhaka,,job, Service ,15%,5227.27,4545.22,681.78,5227,0.01%,0.27
25486,Service Charge-Emergency Works-Outside Dhaka,,job, Service ,15%,10454.55,9090.43,1363.57,10454,0.01%,0.55
25487,Drawer unit,Standard Quality,nos, Supply ,10%,6139.53,5580.91,558.09,6139,0.01%,0.53
25488,Full height/ Cabinet,Standard Quality,sft, Supply ,10%,1023.26,930.00,93.00,1023,0.03%,0.26
25489,Wooden modified keyboard tray,Standard Quality,nos, Supply ,10%,1002.79,910.91,91.09,1002,0.08%,0.79
25490,Wash Room HPL board partition ,Standard Quality,sft, Supply ,10%,716.28,650.91,65.09,716,0.04%,0.28
25491,Large Bin (SS),Standard Quality,Nos, Supply ,10%,2967.44,2697.27,269.73,2967,0.01%,0.44
25492,LED 3D letter Cut Signage Servicing,Standard Quality,sft, Supply ,10%,306.98,278.18,27.82,306,0.32%,0.98
25493,"ACP,Brand: Tiger, Color: blue, Thickness: 3mm,(Cutting with grouping)",Standard Quality,sft, Supply ,10%,460.47,418.18,41.82,460,0.10%,0.47
25494,"All letter 5mm Acrylic Front Side Opel, Top side 4mm Blue, Cutting with palsised",Standard Quality,sft, Supply ,10%,1227.91,1115.45,111.55,1227,0.07%,0.91
25495,Frame: 2? Hollow Box with Signage Frame,Standard Quality,Rft, Supply ,10%,255.81,231.82,23.18,255,0.32%,0.81
25496,"PVC Board, Thickness 5mm",Standard Quality,Sft, Supply ,10%,122.79,110.91,11.09,122,0.64%,0.79
25497,Power Supply: 24 Volt/66amp,Standard Quality,Nos, Supply ,10%,2558.14,2325.45,232.55,2558,0.01%,0.14
25498,Light LED Module: 3m Pe FOAM,Standard Quality,Nos, Supply ,10%,51.16,46.36,4.64,51,0.32%,0.16
25499,Brac Bank Logo with UV Print,Standard Quality,Sft, Supply ,10%,409.30,371.82,37.18,409,0.07%,0.30
25500,Iron Angle Back Side TANA with Main Signage,Standard Quality,Rft, Supply ,10%,255.81,231.82,23.18,255,0.32%,0.81
25501,1.5 RM BRB Cable,BRB,Rft, Supply ,10%,25.58,22.73,2.27,25,2.27%,0.58
25502,2.5 RM BRB Cable,BRB,Rft, Supply ,10%,38.88,34.55,3.45,38,2.27%,0.88
25503,"ALUMINUM COMPOSITE PANELING ÿSupplying, fitting & fixing foreign made aluminum composite panel [Alcoban/Alcopla Brand] consisting to two thin [0.4mm] aluminum alloy sheets sandwich with them plastic composite core having total thickness 4 mm of approved color, panels fixed on aluminum structural sections, complete in all respect in/c necessary hardwires, sealant etc. in/c required scaffoldings etc. complete in all respect as per design, drawing and direction of Architect/Authority.",Standard Quality,Sft, Supply ,10%,767.44,697.27,69.73,767,0.06%,0.44
25504,"ALLUMINUM/ALUMINUM LOUVER Supplying, fitting and fixing of aluminum louver screen to house outdoor AC units made of 4? section colored anodized / powder coated aluminum louver sections with all foreign made hardwires, sealant etc. in/c required scaffoldings etc. complete in all respect as per design, drawing and direction of Architect/Authority.",Standard Quality,Sft, Supply ,10%,920.93,836.36,83.64,920,0.10%,0.93
25505,Wooden Works (Ctg Teak/Mahogany/approved by authority),Standard Quality,Cft, Supply ,10%,3069.77,2790.00,279.00,3069,0.03%,0.77
25506,ALUMINUM COMPOSITE PANELING Servicing,Standard Quality,Sft, Service ,15%,418.18,363.48,54.52,418,0.04%,0.18
25507,ALLUMINUM/ALUMINUM LOUVER Servicing,Standard Quality,Sft, Service ,15%,470.45,408.70,61.30,470,0.10%,0.45
25508,All Purpose Cloth Duster,Standard quality,Nos, Supply ,10%,204.65,185.45,18.55,204,0.32%,0.65
25509,Auto Air Freshener refill,"DRACO, Korea( Premium Air freshener)",Nos, Supply ,10%,511.63,464.55,46.45,511,0.12%,0.63
25510,Black Pad,Standard quality,Nos, Supply ,10%,1023.26,930.00,93.00,1023,0.03%,0.26
25511,Broom Hard,Standard quality,Nos, Supply ,10%,204.65,185.45,18.55,204,0.32%,0.65
25512,Broom Long,Standard quality,Nos, Supply ,10%,153.49,139.09,13.91,153,0.32%,0.49
25513,Broom Soft,Standard quality,Nos, Supply ,10%,153.49,139.09,13.91,153,0.32%,0.49
25514,Dish wash liquid,Trix/Vim,Ltr, Supply ,10%,358.14,325.45,32.55,358,0.04%,0.14
25515,Dust Controlÿ Cloth 24 inch,Standard quality,Nos, Supply ,10%,204.65,185.45,18.55,204,0.32%,0.65
25516,Dust Control Pole Stick Set,Standard quality,Nos, Supply ,10%,2046.51,1860.00,186.00,2046,0.03%,0.51
25517,Floor Squeeze Set,Standard quality,Nos, Supply ,10%,1944.19,1767.27,176.73,1944,0.01%,0.19
25518,Flushmatic,Harpic,Nos, Supply ,10%,245.58,222.73,22.27,245,0.24%,0.58
25519,Hand Brush,Standard quality,Nos, Supply ,10%,102.33,92.73,9.27,102,0.32%,0.33
25520,Hand Towel Tissue,Bashundhara/ Fresh,Nos, Supply ,10%,204.65,185.45,18.55,204,0.32%,0.65
25521,Hand wash Liquid,Savlon/Detol/Sepnil/Lifeboy,Ltr, Supply ,10%,429.77,390.00,39.00,429,0.18%,0.77
25522,Hard Pad,Standard quality,Nos, Supply ,10%,20.47,18.18,1.82,20,2.27%,0.47
25523,Toilet Cleaner,Harpic,Ltr, Supply ,10%,399.07,362.73,36.27,399,0.02%,0.07
25524,Mop Cloth,Standard quality,Nos, Supply ,10%,122.79,110.91,11.09,122,0.64%,0.79
25525,Mop Head 6 INCH Blue,Standard quality,Nos, Supply ,10%,491.16,446.36,44.64,491,0.03%,0.16
25526,Mop Pole Stick,Standard quality,Nos, Supply ,10%,327.44,297.27,29.73,327,0.13%,0.44
25527,Naphthalene,"Super, Overseas Enterprise",pkt, Supply ,10%,122.79,110.91,11.09,122,0.64%,0.79
25528,Odonil,Odonil,Nos, Supply ,10%,102.33,92.73,9.27,102,0.32%,0.33
25529,Poly Bag,Standard quality(Black clour),Nos, Supply ,10%,30.70,27.27,2.73,30,2.27%,0.70
25530,Antiseptic,Savlon/Detol,Ltr, Supply ,10%,501.40,455.45,45.55,501,0.08%,0.40
25531,Floor Cleaner,Lizol/Shinex,Ltr, Supply ,10%,327.44,297.27,29.73,327,0.13%,0.44
25532,Spray Bottle,Standard quality,Nos, Supply ,10%,194.42,176.36,17.64,194,0.22%,0.42
25533,Spray Gun,Standard quality,Nos, Supply ,10%,102.33,92.73,9.27,102,0.32%,0.33
25534,Furniture cleaner,"Kelly's , Teepol- 500 ml",500 ml, Supply ,10%,327.44,297.27,29.73,327,0.13%,0.44
25535,Glass Cleaner,"Mr. Brasso, kellys-500 ml",500 ml, Supply ,10%,225.12,204.55,20.45,225,0.05%,0.12
25536,Toilet Tissue,Bashundhara/Fresh,Nos, Supply ,10%,30.70,27.27,2.73,30,2.27%,0.70
25537,Urinal Screen,Taski,Nos, Supply ,10%,736.74,669.09,66.91,736,0.10%,0.74
25538,Vim Powder 500gm,VIM,500 gm, Supply ,10%,92.09,83.64,8.36,92,0.10%,0.09
25539,Wheel Powder 500gm,Wheel,500 gm, Supply ,10%,97.21,88.18,8.82,97,0.22%,0.21
25540,Cane Partition (folding) Size 6'x6' ,Standard Quality,Nos, Supply ,10%,15860.47,14418.18,1441.82,15860,0.00%,0.47
25541,Artificial Cane Partition (folding) Size 6'x6',Standard Quality,Nos, Supply ,10%,17395.35,15813.64,1581.36,17395,0.00%,0.35
25542,"MS Grill ( Flat Bar,  5mmX18mm, 4"" gap with painting , supply & fixing",Standard Quality,SFT, Service ,15%,731.82,635.65,95.35,731,0.11%,0.82
25543,Steel Cabinet ,Standard Quality,sft, Supply ,10%,746.98,678.18,67.82,746,0.13%,0.98
25544,Battery (large size),Haque/ sunlight,Nos, Supply ,10%,122.79,110.91,11.09,122,0.64%,0.79
25545,Clip board,Standard,Nos, Supply ,10%,225.12,204.55,20.45,225,0.05%,0.12
25546,"Pannel Light (Size 6""X 4')","Transtec, Magaman, Philps, Osaka, Energypac, ACI",Nos, Supply ,10%,787.91,715.45,71.55,787,0.12%,0.91
25547,Pannel Light (Size 1'X 4'),"Transtec, Magaman, Philps, Osaka, Energypac, ACI",Nos, Supply ,10%,3806.51,3460.00,346.00,3806,0.01%,0.51
25548,Bib Cock,Sattar,Nos, Supply ,10%,3120.93,2836.36,283.64,3120,0.03%,0.93
25549,Hand shower,Bravat,Nos, Supply ,10%,3069.77,2790.00,279.00,3069,0.03%,0.77
25550,Moving Pillar Cock,Cotto,Nos, Supply ,10%,3581.40,3255.45,325.55,3581,0.01%,0.40
25551,Bib Cock,Rocha,Nos, Supply ,10%,2558.14,2325.45,232.55,2558,0.01%,0.14
25552,Door Stopper,China,Nos, Supply ,10%,225.12,204.55,20.45,225,0.05%,0.12
25553,Water Dispoenser Cock,China,Nos, Supply ,10%,153.49,139.09,13.91,153,0.32%,0.49
25554,Tea Trolley Wheel -Big Size,Standard Quality,Nos, Supply ,10%,2046.51,1860.00,186.00,2046,0.03%,0.51
25555,Shifting Trolley Wheel Small Size,Standard Quality,Nos, Service ,15%,1881.82,1635.65,245.35,1881,0.04%,0.82
25556,Chair Base,china,Nos, Supply ,10%,2558.14,2325.45,232.55,2558,0.01%,0.14
25557,Wooden Solid door (7'X3') supply & fittings (Chowkat Garjon wood and Palla Solid garjon board),Garjon,nos, Supply ,10%,16372.09,14883.64,1488.36,16372,0.00%,0.09
25558,Tools Bag for Technician,Standard Quality,nos, Supply ,10%,1023.26,930.00,93.00,1023,0.03%,0.26
25559,1.5 Ton Covered Van-Full Day inside Dhaka,,, Service ,15%,10454.55,9090.43,1363.57,10454,0.01%,0.55
25560,1.5 Ton Covered Van-Outside Dhaka,,nos, Service ,15%,12545.45,10908.70,1636.30,12545,0.00%,0.45
25561,3 Ton Covered Van-Full Day inside Dhaka,,nos, Service ,15%,12545.45,10908.70,1636.30,12545,0.00%,0.45
25562,3 Ton Covered Van-Outside Dhaka,,nos, Service ,15%,15681.82,13635.65,2045.35,15681,0.01%,0.82
25563,Canopy for ATM Booth,ACP with SS frame,RFT, Supply ,10%,4093.02,3720.91,372.09,4093,0.00%,0.02
25564,Tray SS,Standard Quality,sft, Supply ,10%,409.30,371.82,37.18,409,0.07%,0.30
25565,Tin shed Boundary wall with relevant accessories,Standard Quality,sft, Service ,15%,261.36,226.96,34.04,261,0.14%,0.36
25566,Toilet Name Plate (MALE/FEMALE),Standard Quality,Pcs, Supply ,10%,818.60,743.64,74.36,818,0.07%,0.60
25567,PUSH PULL Sticker,Standard Quality,Pcs, Supply ,10%,102.33,92.73,9.27,102,0.32%,0.33
25568,Window Catchment Lock,Standard Quality,Pcs, Supply ,10%,153.49,139.09,13.91,153,0.32%,0.49
25569,Pressure Release Valve ??,Standard Quality,Pcs, Supply ,10%,6139.53,5580.91,558.09,6139,0.01%,0.53
25570,Pressure Release Valve 1?,Standard Quality,Pcs, Supply ,10%,6651.16,6046.36,604.64,6651,0.00%,0.16
25571,Pressure Release Valve 1.5?,Standard Quality,Pcs, Supply ,10%,15348.84,13952.73,1395.27,15348,0.01%,0.84
25572,Steel Pedestal Bin 6 Lt. (China),Standard Quality,Pcs, Supply ,10%,3888.37,3534.55,353.45,3888,0.01%,0.37
25573,Steel Pedestal Bin 8 Lt. (China),Standard Quality,Pcs, Supply ,10%,4297.67,3906.36,390.64,4297,0.02%,0.67
25574,Steel Pedestal Bin 10 Lt. (China),Standard Quality,Pcs, Supply ,10%,6139.53,5580.91,558.09,6139,0.01%,0.53
25575,Triple shed Zebra Roller Blinds with all necessary accessories,Standard Quality,sft, Supply ,10%,511.63,464.55,46.45,511,0.12%,0.63
25576,Double Layer Rollar Blinds,Standard Quality,sft, Supply ,10%,276.28,250.91,25.09,276,0.10%,0.28
25577,Sofa Fabric Change,Standard Quality,Pcs, Supply ,10%,7162.79,6510.91,651.09,7162,0.01%,0.79
25578,"MIRROR POLISHED HOMOGENEOUS FLOOR TILE [IMPORTED, CREAM COLOR] Supplying, fitting and fixing homogeneous floor tiles [Imported] of 24"" x 24"" size and quality on 20 mm thick cement mortar (1:2) base or by ?CONMIX? base and raking out the joints with white cement and colored pigment including cutting by electric disk cutter and laying tiles in proper way in/c chipping or dismantling of existing floor if necessary and finishing with care etc., complete in all respect as per design drawing and direction of Architect/Authority. ",Standard Quality,Sft, Supply ,10%,327.44,297.27,29.73,327,0.13%,0.44
25579,"MIRROR POLISHED HOMOGENEOUS FLOOR TILE [LOCAL/VITRIFIED] Supplying, fitting and fixing homogeneous floor tiles [Imported] of 24"" x 24"" size and quality on 20 mm thick cement mortar (1:2) base or by ?CONMIX? base and raking out the joints with white cement and colored pigment including cutting by electric disk cutter and laying tiles in proper way in/c chipping or dismantling of existing floor if necessary and finishing with care etc., complete in all respect as per design drawing and direction of Architect/Authority. ",Standard Quality,Sft, Supply ,10%,291.63,264.55,26.45,291,0.22%,0.63
25580,"CERAMIC WALL TILE [local] Supplying, fitting and fixing colored glazed wall tiles [Spanish] of 12"" x 24""  & quality on 20 mm thick cement mortar [1:2] base and raking out the joints with white cement including cutting and laying the tiles in proper way and finishing with care etc. complete in all respect as per design drawing and direction of Architect/ Authority.",Standard Quality,Sft, Supply ,10%,230.23,209.09,20.91,230,0.10%,0.23
25581,"CERAMIC WALL TILE [local] Supplying, fitting and fixing colored glazed wall tiles [Spanish] of 12"" x 20""  & quality on 20 mm thick cement mortar [1:2] base and raking out the joints with white cement including cutting and laying the tiles in proper way and finishing with care etc. complete in all respect as per design drawing and direction of Architect/ Authority.",Standard Quality,Sft, Supply ,10%,186.23,169.09,16.91,186,0.12%,0.23
25582,"MIRROR POLISHED HOMOGENEOUS FLOOR TILE [Local] Supplying, fitting and fixing homogeneous floor tiles [Imported] of 24"" x 48"" size and quality on 20 mm thick cement mortar (1:2) base or by ?CONMIX? base and raking out the joints with white cement and colored pigment including cutting by electric disk cutter and laying tiles in proper way in/c chipping or dismantling of existing floor if necessary and finishing with care etc., complete in all respect as per design drawing and direction of Architect/Authority. ",Standard Quality,Sft, Supply ,10%,358.14,325.45,32.55,358,0.04%,0.14
25583,"MIRROR POLISHED HOMOGENEOUS FLOOR TILE [Local] Supplying, fitting and fixing homogeneous floor tiles [Imported] of 32"" x 32"" size and quality on 20 mm thick cement mortar (1:2) base or by ?CONMIX? base and raking out the joints with white cement and colored pigment including cutting by electric disk cutter and laying tiles in proper way in/c chipping or dismantling of existing floor if necessary and finishing with care etc., complete in all respect as per design drawing and direction of Architect/Authority. ",Standard Quality,Sft, Supply ,10%,322.33,292.73,29.27,322,0.10%,0.33
25584,Urinal Flush,COTTO,Nos, Supply ,10%,15348.84,13952.73,1395.27,15348,0.01%,0.84
25585,Urinal Flush,Standard Brand,Nos, Supply ,10%,7674.42,6976.36,697.64,7674,0.01%,0.42
25586,PVC False Ceiling,Standrad,sft, Supply ,10%,122.79,110.91,11.09,122,0.64%,0.79
25587,HPL Board 18mm,Standrad,sft, Supply ,10%,767.44,697.27,69.73,767,0.06%,0.44
25588,HPL Ply wood 18mm,Standrad,sft, Supply ,10%,460.47,418.18,41.82,460,0.10%,0.47
25589,Accessories for board installation,Standrad,Set, Supply ,10%,3069.77,2790.00,279.00,3069,0.03%,0.77
25590,"MARBLE WORKS  Supplying, fitting and fixing following stone on walls/columns over minimum 18 mm thick cement mortar [1:2] in/c cutting, grinding and polishing the stones, setting in position keeping horizontal & Vertical alignment correct, filling the joints with same color putty, making grooves, finishing with care, etc. complete in all respect as per design, drawing & direction of Authority. Note: [1] Quality, color & texture of Granite stone must be approved before fixing [2] There may be combination of shades for claded materials.",Standard Quality,sft, Supply ,10%,1227.91,1115.45,111.55,1227,0.07%,0.91
25591,"GRANITE WORKS  Supplying, fitting and fixing following stone on walls/columns over minimum 18 mm thick cement mortar [1:2] in/c cutting, grinding and polishing the stones, setting in position keeping horizontal & Vertical alignment correct, filling the joints with same color putty, making grooves, finishing with care, etc. complete in all respect as per design, drawing & direction of Authority. Note: [1] Quality, color & texture of Granite stone must be approved before fixing [2] There may be combination of shades for claded materials.",Z-Black-Glossy,sft, Supply ,10%,1227.91,1115.45,111.55,1227,0.07%,0.91
25592,"GRANITE WORKS  Supplying, fitting and fixing following stone on walls/columns over minimum 18 mm thick cement mortar [1:2] in/c cutting, grinding and polishing the stones, setting in position keeping horizontal & Vertical alignment correct, filling the joints with same color putty, making grooves, finishing with care, etc. complete in all respect as per design, drawing & direction of Authority. Note: [1] Quality, color & texture of Granite stone must be approved before fixing [2] There may be combination of shades for claded materials.",European,sft, Supply ,10%,1432.56,1301.82,130.18,1432,0.04%,0.56
25593,Ball Cock,Cotto,Nos, Supply ,10%,11255.81,10231.82,1023.18,11255,0.01%,0.81
25594,Commode Seat Cover,Cotto,Nos, Supply ,10%,13302.33,12092.73,1209.27,13302,0.00%,0.33
25595,Positive Negative M-Seal,Standard Brand,Nos, Supply ,10%,184.19,167.27,16.73,184,0.10%,0.19
25596,Liquid Soap case - Glass,Glass,Nos, Supply ,10%,1023.26,930.00,93.00,1023,0.03%,0.26
25597,Mobile Stand for Washroom,SS,Nos, Supply ,10%,1023.26,930.00,93.00,1023,0.03%,0.26
,,,,,,,,,,,
,,,,,,,,,,,
,,,,,,,,,,,
,,,,,,,,,,,
,,,,,,,,,,,
,,,,,,,,,,,
,,,,,,,,,,,
,,,,,,,,,,,
,,,,,,,,,,,
,,,,,,,,,,,
,,,,,,,,,,,
,,,,,,,,,,,
,,,,,,,,,,,
,,,,,,,,,,,
,,,,,,,,,,,
,,,,,,,,,,,
,,,,,,,,,,,
,,,,,,,,,,,
,,,,,,,,,,,
,,,,,,,,,,,
,,,,,,,,,,,
,,,,,,,,,,,
,,,,,,,,,,,
,,,,,,,,,,,
,,,,,,,,,,,
,,,,,,,,,,,
,,,,,,,,,,,
,,,,,,,,,,,
,,,,,,,,,,,
,,,,,,,,,,,
,,,,,,,,,,,
,,,,,,,,,,,
,,,,,,,,,,,
,,,,,,,,,,,
,,,,,,,,,,,
,,,,,,,,,,,
,,,,,,,,,,,
,,,,,,,,,,,
,,,,,,,,,,,
,,,,,,,,,,,
,,,,,,,,,,,
,,,,,,,,,,,
,,,,,,,,,,,
,,,,,,,,,,,
,,,,,,,,,,,
,,,,,,,,,,,
,,,,,,,,,,,
,,,,,,,,,,,
,,,,,,,,,,,
,,,,,,,,,,,
,,,,,,,,,,,
,,,,,,,,,,,
,,,,,,,,,,,
,,,,,,,,,,,
,,,,,,,,,,,
,,,,,,,,,,,
,,,,,,,,,,,
,,,,,,,,,,,
,,,,,,,,,,,
,,,,,,,,,,,
,,,,,,,,,,,
,,,,,,,,,,,
,,,,,,,,,,,
,,,,,,,,,,,
,,,,,,,,,,,
,,,,,,,,,,,
,,,,,,,,,,,
,,,,,,,,,,,
,,,,,,,,,,,
,,,,,,,,,,,
,,,,,,,,,,,
,,,,,,,,,,,
,,,,,,,,,,,
,,,,,,,,,,,
,,,,,,,,,,,
,,,,,,,,,,,
,,,,,,,,,,,
,,,,,,,,,,,
,,,,,,,,,,,
,,,,,,,,,,,
,,,,,,,,,,,
,,,,,,,,,,,
,,,,,,,,,,,
,,,,,,,,,,,
,,,,,,,,,,,
,,,,,,,,,,,
,,,,,,,,,,,
,,,,,,,,,,,
,,,,,,,,,,,
,,,,,,,,,,,
,,,,,,,,,,,
,,,,,,,,,,,
,,,,,,,,,,,
,,,,,,,,,,,
,,,,,,,,,,,
,,,,,,,,,,,
,,,,,,,,,,,
,,,,,,,,,,,
,,,,,,,,,,,
,,,,,,,,,,,
,,,,,,,,,,,
,,,,,,,,,,,
,,,,,,,,,,,
,,,,,,,,,,,
,,,,,,,,,,,
,,,,,,,,,,,
,,,,,,,,,,,
,,,,,,,,,,,
,,,,,,,,,,,
,,,,,,,,,,,
,,,,,,,,,,,
,,,,,,,,,,,
,,,,,,,,,,,
,,,,,,,,,,,
,,,,,,,,,,,
,,,,,,,,,,,
,,,,,,,,,,,
,,,,,,,,,,,
,,,,,,,,,,,
,,,,,,,,,,,
,,,,,,,,,,,
,,,,,,,,,,,
,,,,,,,,,,,
,,,,,,,,,,,
,,,,,,,,,,,
,,,,,,,,,,,
,,,,,,,,,,,
,,,,,,,,,,,
,,,,,,,,,,,
,,,,,,,,,,,
,,,,,,,,,,,
,,,,,,,,,,,
,,,,,,,,,,,
,,,,,,,,,,,
,,,,,,,,,,,
,,,,,,,,,,,
,,,,,,,,,,,
,,,,,,,,,,,
,,,,,,,,,,,
,,,,,,,,,,,
,,,,,,,,,,,
,,,,,,,,,,,
,,,,,,,,,,,
,,,,,,,,,,,
,,,,,,,,,,,
,,,,,,,,,,,
,,,,,,,,,,,
,,,,,,,,,,,
,,,,,,,,,,,
,,,,,,,,,,,
,,,,,,,,,,,
,,,,,,,,,,,
,,,,,,,,,,,
,,,,,,,,,,,
,,,,,,,,,,,
,,,,,,,,,,,
,,,,,,,,,,,
,,,,,,,,,,,
,,,,,,,,,,,
,,,,,,,,,,,
,,,,,,,,,,,
,,,,,,,,,,,
,,,,,,,,,,,
,,,,,,,,,,,
,,,,,,,,,,,
,,,,,,,,,,,
,,,,,,,,,,,
,,,,,,,,,,,
,,,,,,,,,,,
,,,,,,,,,,,
,,,,,,,,,,,
,,,,,,,,,,,
,,,,,,,,,,,
,,,,,,,,,,,
,,,,,,,,,,,
,,,,,,,,,,,
,,,,,,,,,,,
,,,,,,,,,,,
,,,,,,,,,,,
,,,,,,,,,,,
,,,,,,,,,,,
,,,,,,,,,,,
,,,,,,,,,,,
,,,,,,,,,,,
,,,,,,,,,,,
,,,,,,,,,,,
,,,,,,,,,,,
,,,,,,,,,,,
,,,,,,,,,,,
,,,,,,,,,,,
,,,,,,,,,,,
,,,,,,,,,,,
,,,,,,,,,,,
,,,,,,,,,,,
,,,,,,,,,,,
,,,,,,,,,,,
,,,,,,,,,,,
,,,,,,,,,,,
,,,,,,,,,,,
,,,,,,,,,,,
,,,,,,,,,,,
,,,,,,,,,,,
,,,,,,,,,,,
,,,,,,,,,,,
,,,,,,,,,,,
,,,,,,,,,,,
,,,,,,,,,,,
,,,,,,,,,,,
,,,,,,,,,,,
,,,,,,,,,,,
,,,,,,,,,,,
,,,,,,,,,,,
,,,,,,,,,,,
,,,,,,,,,,,
,,,,,,,,,,,
,,,,,,,,,,,
,,,,,,,,,,,
,,,,,,,,,,,
,,,,,,,,,,,
,,,,,,,,,,,
,,,,,,,,,,,
,,,,,,,,,,,
,,,,,,,,,,,
,,,,,,,,,,,
,,,,,,,,,,,
,,,,,,,,,,,
,,,,,,,,,,,
,,,,,,,,,,,
,,,,,,,,,,,
,,,,,,,,,,,
,,,,,,,,,,,
,,,,,,,,,,,
,,,,,,,,,,,
,,,,,,,,,,,
,,,,,,,,,,,
,,,,,,,,,,,
,,,,,,,,,,,
,,,,,,,,,,,
,,,,,,,,,,,
,,,,,,,,,,,
,,,,,,,,,,,
,,,,,,,,,,,
,,,,,,,,,,,
,,,,,,,,,,,
,,,,,,,,,,,
,,,,,,,,,,,
,,,,,,,,,,,
,,,,,,,,,,,
,,,,,,,,,,,
,,,,,,,,,,,
,,,,,,,,,,,
,,,,,,,,,,,
,,,,,,,,,,,
,,,,,,,,,,,
,,,,,,,,,,,
,,,,,,,,,,,
,,,,,,,,,,,
,,,,,,,,,,,
,,,,,,,,,,,
,,,,,,,,,,,
,,,,,,,,,,,
,,,,,,,,,,,
,,,,,,,,,,,
,,,,,,,,,,,
,,,,,,,,,,,
,,,,,,,,,,,
,,,,,,,,,,,
,,,,,,,,,,,
,,,,,,,,,,,
,,,,,,,,,,,
,,,,,,,,,,,
,,,,,,,,,,,
,,,,,,,,,,,
,,,,,,,,,,,
,,,,,,,,,,,
,,,,,,,,,,,
,,,,,,,,,,,
,,,,,,,,,,,
,,,,,,,,,,,
,,,,,,,,,,,
,,,,,,,,,,,
,,,,,,,,,,,
,,,,,,,,,,,
,,,,,,,,,,,
,,,,,,,,,,,
,,,,,,,,,,,
,,,,,,,,,,,
,,,,,,,,,,,
,,,,,,,,,,,
,,,,,,,,,,,
,,,,,,,,,,,
,,,,,,,,,,,
,,,,,,,,,,,
,,,,,,,,,,,
,,,,,,,,,,,
,,,,,,,,,,,
,,,,,,,,,,,
,,,,,,,,,,,
,,,,,,,,,,,
,,,,,,,,,,,
,,,,,,,,,,,
,,,,,,,,,,,
,,,,,,,,,,,
,,,,,,,,,,,
,,,,,,,,,,,
,,,,,,,,,,,
,,,,,,,,,,,
,,,,,,,,,,,
,,,,,,,,,,,
,,,,,,,,,,,
,,,,,,,,,,,
,,,,,,,,,,,
,,,,,,,,,,,
,,,,,,,,,,,
,,,,,,,,,,,
,,,,,,,,,,,
,,,,,,,,,,,
,,,,,,,,,,,
,,,,,,,,,,,
,,,,,,,,,,,
,,,,,,,,,,,
,,,,,,,,,,,
,,,,,,,,,,,
,,,,,,,,,,,
,,,,,,,,,,,
,,,,,,,,,,,
,,,,,,,,,,,
,,,,,,,,,,,
,,,,,,,,,,,
,,,,,,,,,,,
,,,,,,,,,,,
,,,,,,,,,,,
,,,,,,,,,,,
,,,,,,,,,,,
,,,,,,,,,,,
,,,,,,,,,,,
,,,,,,,,,,,
,,,,,,,,,,,
,,,,,,,,,,,
,,,,,,,,,,,
,,,,,,,,,,,
,,,,,,,,,,,
,,,,,,,,,,,
,,,,,,,,,,,
,,,,,,,,,,,
,,,,,,,,,,,
,,,,,,,,,,,
,,,,,,,,,,,
,,,,,,,,,,,
,,,,,,,,,,,
,,,,,,,,,,,
,,,,,,,,,,,
,,,,,,,,,,,
,,,,,,,,,,,
,,,,,,,,,,,
,,,,,,,,,,,
,,,,,,,,,,,
,,,,,,,,,,,
,,,,,,,,,,,
,,,,,,,,,,,
,,,,,,,,,,,
,,,,,,,,,,,
,,,,,,,,,,,
,,,,,,,,,,,
,,,,,,,,,,,
,,,,,,,,,,,
,,,,,,,,,,,
,,,,,,,,,,,
,,,,,,,,,,,
,,,,,,,,,,,
,,,,,,,,,,,
,,,,,,,,,,,
,,,,,,,,,,,
,,,,,,,,,,,
,,,,,,,,,,,
,,,,,,,,,,,
,,,,,,,,,,,
,,,,,,,,,,,
,,,,,,,,,,,
,,,,,,,,,,,
,,,,,,,,,,,
,,,,,,,,,,,
,,,,,,,,,,,
,,,,,,,,,,,
,,,,,,,,,,,
,,,,,,,,,,,
,,,,,,,,,,,
,,,,,,,,,,,
,,,,,,,,,,,
,,,,,,,,,,,
,,,,,,,,,,,
,,,,,,,,,,,
,,,,,,,,,,,
,,,,,,,,,,,
,,,,,,,,,,,
,,,,,,,,,,,
,,,,,,,,,,,
,,,,,,,,,,,
,,,,,,,,,,,
,,,,,,,,,,,
,,,,,,,,,,,
,,,,,,,,,,,
